unique_id,ds,ex_1,ex_2,ex_3,ex_4,ex_5
Adj Close,2022-11-21,"33,700.87",1108.353027,1754.6,"3,949.94",107.78
Adj Close,2022-11-18,"33,747.14",1212.300293,1769.0,"3,965.34",106.97
Adj Close,2022-11-17,"33,547.37",1200.808594,1763.0,"3,946.56",106.69
Adj Close,2022-11-16,"33,556.60",1215.602539,1775.8,"3,958.79",106.28
Adj Close,2022-11-15,"33,594.17",1251.736206,1774.7,"3,991.73",106.4
Adj Close,2022-11-14,"33,537.16",1241.604248,1774.2,"3,957.25",106.66
Adj Close,2022-11-11,"33,749.18",1287.221069,1774.2,"3,992.93",106.29
Adj Close,2022-11-10,"33,712.21",1299.4646,1753.7,"3,956.37",108.21
Adj Close,2022-11-09,"32,514.27",1100.1698,1715.8,"3,748.57",110.55
Adj Close,2022-11-08,"33,162.28",1332.835571,1716.0,"3,828.11",109.64
Adj Close,2022-11-07,"32,829.18",1568.591309,1680.5,"3,806.80",110.12
Adj Close,2022-11-04,"32,404.80",1645.093384,1685.7,"3,770.55",110.88
Adj Close,2022-11-03,"31,999.34",1531.541748,1637.7,"3,719.89",112.93
Adj Close,2022-11-02,"32,146.77",1519.711792,1651.0,"3,759.69",111.35
Adj Close,2022-11-01,"32,650.83",1579.70459,1636.4,"3,856.10",111.48
Adj Close,2022-10-31,"32,734.40",1572.714478,1648.3,"3,871.98",111.53
Adj Close,2022-10-28,"32,861.34",1555.477905,1648.3,"3,901.06",110.75
Adj Close,2022-10-27,"32,037.83",1514.374878,1668.8,"3,807.30",110.59
Adj Close,2022-10-26,"31,840.10",1566.56665,1669.2,"3,830.60",109.7
Adj Close,2022-10-25,"31,837.20",1461.665405,1658.0,"3,859.11",110.95
Adj Close,2022-10-24,"31,500.61",1344.998535,1654.1,"3,797.34",111.99
Adj Close,2022-10-21,"31,083.02",1299.946411,1656.3,"3,752.75",112.01
Adj Close,2022-10-20,"30,332.80",1283.200928,1636.8,"3,665.78",112.88
Adj Close,2022-10-19,"30,425.26",1285.744263,1634.2,"3,695.16",112.98
Adj Close,2022-10-18,"30,527.49",1310.447021,1655.5,"3,719.98",112.13
Adj Close,2022-10-17,"30,188.79",1331.713623,1664.0,"3,677.95",112.04
Adj Close,2022-10-14,"29,643.67",1297.422119,1672.9,"3,583.07",113.31
Adj Close,2022-10-13,"30,038.06",1288.123901,1672.9,"3,669.91",112.36
Adj Close,2022-10-12,"29,210.52",1294.906372,1677.5,"3,577.03",113.32
Adj Close,2022-10-11,"29,238.66",1279.575684,1686.0,"3,588.84",113.22
Adj Close,2022-10-10,"29,202.94",1291.337646,1675.2,"3,612.39",113.14
Adj Close,2022-10-07,"29,297.25",1332.516968,1709.3,"3,639.66",112.79
Adj Close,2022-10-06,"29,926.47",1351.709473,1720.9,"3,744.52",112.26
Adj Close,2022-10-05,"30,274.80",1352.837158,1720.8,"3,783.28",111.07
Adj Close,2022-10-04,"30,316.98",1362.126587,1730.5,"3,790.93",110.07
Adj Close,2022-10-03,"29,490.03",1323.439209,1702.0,"3,678.43",111.75
Adj Close,2022-09-30,"28,730.12",1327.978638,1672.0,"3,585.62",112.12
Adj Close,2022-09-29,"29,227.59",1335.652344,1668.6,"3,640.47",112.25
Adj Close,2022-09-28,"29,681.76",1337.410889,1670.0,"3,719.04",112.6
Adj Close,2022-09-27,"29,136.90",1330.127686,1636.2,"3,647.29",114.11
Adj Close,2022-09-26,"29,264.50",1335.32019,1633.4,"3,655.04",114.1
Adj Close,2022-09-23,"29,592.85",1328.259521,1655.6,"3,693.23",113.19
Adj Close,2022-09-22,"30,076.09",1327.680176,1681.1,"3,757.99",111.35
Adj Close,2022-09-21,"30,183.71",1252.607788,1675.7,"3,789.93",110.64
Adj Close,2022-09-20,"30,707.08",1324.388184,1671.1,"3,855.93",110.21
Adj Close,2022-09-19,"31,019.82",1377.541382,1678.2,"3,899.89",109.74
Adj Close,2022-09-16,"30,821.50",1432.447754,1683.5,"3,873.33",109.76
Adj Close,2022-09-15,"30,962.02",1471.693481,1677.3,"3,901.35",109.74
Adj Close,2022-09-14,"31,135.09",1634.755005,1709.1,"3,946.01",109.66
Adj Close,2022-09-13,"31,104.90",1580.787964,1717.4,"3,932.69",109.82
Adj Close,2022-09-12,"32,383.18",1713.765259,1740.6,"4,110.41",108.33
Adj Close,2022-09-09,"32,151.71",1719.085449,1728.6,"4,067.36",109.0
Adj Close,2022-09-08,"31,773.80",1635.347656,1720.2,"4,006.18",109.71
Adj Close,2022-09-07,"31,581.65",1629.906372,1727.8,"3,979.87",109.84
Adj Close,2022-09-06,"31,148.07",1561.748535,1712.9,"3,908.19",110.21
Adj Close,2022-09-02,"31,318.84",1577.220459,1722.6,"3,924.26",109.53
Adj Close,2022-09-01,"31,657.14",1586.176758,1709.3,"3,966.85",109.69
Adj Close,2022-08-31,"31,511.09",1553.684937,1726.2,"3,955.00",108.7
Adj Close,2022-08-30,"31,790.74",1523.838867,1736.3,"3,986.16",108.77
Adj Close,2022-08-29,"32,099.65",1553.037354,1749.7,"4,030.61",108.83
Adj Close,2022-08-26,"32,282.80",1507.782837,1749.8,"4,057.66",108.8
Adj Close,2022-08-25,"33,293.66",1696.457031,1771.4,"4,199.12",108.47
Adj Close,2022-08-24,"32,970.71",1657.059204,1761.5,"4,140.77",108.68
Adj Close,2022-08-23,"32,908.99",1662.769897,1761.2,"4,128.73",108.62
Adj Close,2022-08-22,"33,065.52",1622.505859,1748.4,"4,137.99",109.05
Adj Close,2022-08-19,"33,706.15",1612.987305,1762.9,"4,228.48",108.17
Adj Close,2022-08-18,"34,000.95",1847.007813,1771.2,"4,283.74",107.48
Adj Close,2022-08-17,"33,980.72",1832.999634,1776.7,"4,274.04",106.57
Adj Close,2022-08-16,"34,152.04",1878.139404,1789.7,"4,305.20",106.5
Adj Close,2022-08-15,"33,912.63",1904.228149,1798.1,"4,297.14",106.55
Adj Close,2022-08-12,"33,761.11",1957.24646,1815.5,"4,280.15",105.63
Adj Close,2022-08-11,"33,337.13",1881.224121,1807.2,"4,207.27",105.09
Adj Close,2022-08-10,"33,309.45",1851.742676,1813.7,"4,210.24",105.2
Adj Close,2022-08-09,"32,776.25",1703.025024,1812.3,"4,122.47",106.37
Adj Close,2022-08-08,"32,831.92",1775.516113,1805.2,"4,140.06",106.43
Adj Close,2022-08-05,"32,801.51",1732.254639,1791.2,"4,145.19",106.62
Adj Close,2022-08-04,"32,727.19",1608.205811,1806.9,"4,151.94",105.69
Adj Close,2022-08-03,"32,812.00",1618.874512,1776.4,"4,155.17",106.51
Adj Close,2022-08-02,"32,396.76",1632.945435,1789.7,"4,091.19",106.24
Adj Close,2022-08-01,"32,799.18",1635.195801,1787.7,"4,118.63",105.45
Adj Close,2022-07-29,"32,846.45",1727.406982,1781.8,"4,130.29",105.9
Adj Close,2022-07-28,"32,526.86",1725.46814,1769.2,"4,072.43",106.35
Adj Close,2022-07-27,"32,196.00",1636.232666,1737.5,"4,023.61",106.45
Adj Close,2022-07-26,"31,760.85",1441.806763,1735.7,"3,921.05",107.19
Adj Close,2022-07-25,"31,990.00",1445.383423,1737.1,"3,966.84",106.48
Adj Close,2022-07-22,"31,900.61",1537.405151,1745.3,"3,961.63",106.73
Adj Close,2022-07-21,"32,036.77",1576.749512,1731.3,"3,998.95",106.91
Adj Close,2022-07-20,"31,878.20",1520.200684,1717.7,"3,959.90",107.08
Adj Close,2022-07-19,"31,824.71",1542.97522,1728.1,"3,936.69",106.68
Adj Close,2022-07-18,"31,071.75",1578.717896,1710.2,"3,830.85",107.37
Adj Close,2022-07-15,"31,286.02",1233.12915,1703.6,"3,863.16",108.06
Adj Close,2022-07-14,"30,630.01",1191.526245,1705.8,"3,790.38",108.54
Adj Close,2022-07-13,"30,771.54",1113.587158,1735.5,"3,801.78",107.96
Adj Close,2022-07-12,"30,985.02",1038.19165,1724.8,"3,818.80",108.07
Adj Close,2022-07-11,"31,175.52",1097.236572,1731.7,"3,854.43",108.02
Adj Close,2022-07-08,"31,339.20",1222.506226,1742.3,"3,899.38",107.01
Adj Close,2022-07-07,"31,383.89",1237.593384,1739.7,"3,902.62",107.13
Adj Close,2022-07-06,"31,037.22",1186.973999,1736.5,"3,845.08",107.1
Adj Close,2022-07-05,"30,967.45",1134.541016,1763.9,"3,831.39",106.54
Adj Close,2022-07-01,"31,097.46",1059.767334,1801.5,"3,825.33",105.14
Adj Close,2022-06-30,"30,779.71",1067.298828,1807.3,"3,785.38",104.68
Adj Close,2022-06-29,"31,027.92",1098.943848,1817.5,"3,818.83",105.11
Adj Close,2022-06-28,"30,947.78",1144.579224,1821.2,"3,821.55",104.51
Adj Close,2022-06-27,"31,439.58",1193.680664,1824.8,"3,900.11",103.94
Adj Close,2022-06-24,"31,503.71",1226.844727,1830.3,"3,911.74",104.18
Adj Close,2022-06-23,"30,678.15",1143.386719,1829.8,"3,795.73",104.43
Adj Close,2022-06-22,"30,481.88",1051.421875,1838.4,"3,759.89",104.2
Adj Close,2022-06-21,"30,531.77",1124.824585,1838.8,"3,764.79",104.43
Adj Close,2022-06-17,"29,885.08",1086.519287,1840.6,"3,674.84",104.7
Adj Close,2022-06-16,"29,929.31",1067.730713,1849.9,"3,666.77",103.63
Adj Close,2022-06-15,"30,668.27",1233.206421,1819.6,"3,789.99",105.16
Adj Close,2022-06-14,"30,365.95",1211.662842,1813.5,"3,735.48",105.52
Adj Close,2022-06-13,"30,518.06",1204.582764,1831.8,"3,749.63",105.08
Adj Close,2022-06-10,"31,392.36",1665.042236,1875.5,"3,900.86",104.15
Adj Close,2022-06-09,"32,271.80",1789.82605,1852.8,"4,017.82",103.22
Adj Close,2022-06-08,"32,910.38",1793.572266,1856.5,"4,115.77",102.54
Adj Close,2022-06-07,"33,179.81",1814.04834,1852.1,"4,160.68",102.32
Adj Close,2022-06-06,"32,914.20",1859.289673,1843.7,"4,121.43",102.44
Adj Close,2022-06-03,"32,898.91",1775.078613,1850.2,"4,108.54",102.14
Adj Close,2022-06-02,"33,248.02",1834.150513,1871.4,"4,176.82",101.82
Adj Close,2022-06-01,"32,813.10",1823.569336,1848.7,"4,101.23",102.5
Adj Close,2022-05-31,"32,991.97",1942.328003,1848.4,"4,132.15",101.75
Adj Close,2022-05-27,"33,213.55",1724.922852,1857.3,"4,158.24",101.67
Adj Close,2022-05-26,"32,638.44",1803.91333,1853.9,"4,057.84",101.83
Adj Close,2022-05-25,"32,121.53",1944.827881,1852.5,"3,978.73",102.06
Adj Close,2022-05-24,"31,931.06",1978.982788,1871.4,"3,941.48",101.86
Adj Close,2022-05-23,"31,880.64",1972.181885,1853.9,"3,973.75",102.08
Adj Close,2022-05-20,"31,260.58",1961.315674,1848.4,"3,901.36",103.15
Adj Close,2022-05-19,"31,253.26",2018.336182,1847.8,"3,900.79",102.72
Adj Close,2022-05-18,"31,493.56",1916.656128,1822.4,"3,923.68",103.81
Adj Close,2022-05-17,"32,655.05",2090.40918,1818.9,"4,088.85",103.36
Adj Close,2022-05-16,"32,224.01",2022.725952,1814.0,"4,008.01",104.19
Adj Close,2022-05-13,"32,195.94",2014.418213,1808.2,"4,023.89",104.56
Adj Close,2022-05-12,"31,730.04",1961.701538,1824.6,"3,930.08",104.85
Adj Close,2022-05-11,"31,834.37",2072.108643,1853.7,"3,935.18",103.85
Adj Close,2022-05-10,"32,160.74",2343.510986,1841.0,"4,001.05",103.92
Adj Close,2022-05-09,"32,245.70",2245.43042,1858.6,"3,991.24",103.65
Adj Close,2022-05-06,"32,899.37",2694.979736,1882.8,"4,123.34",103.66
Adj Close,2022-05-05,"32,997.97",2749.213135,1875.7,"4,152.38",103.75
Adj Close,2022-05-04,"34,061.06",2940.644775,1868.8,"4,300.17",102.59
Adj Close,2022-05-03,"33,128.79",2783.476318,1870.6,"4,175.48",103.46
Adj Close,2022-05-02,"33,061.50",2857.4104,1863.6,"4,155.38",103.74
Adj Close,2022-04-29,"32,977.21",2815.601807,1911.7,"4,131.93",102.96
Adj Close,2022-04-28,"33,916.39",2936.940918,1891.3,"4,287.50",103.62
Adj Close,2022-04-27,"33,301.93",2888.929688,1888.7,"4,183.96",102.95
Adj Close,2022-04-26,"33,240.18",2808.29834,1904.1,"4,175.20",102.3
Adj Close,2022-04-25,"34,049.46",3009.393555,1896.0,"4,296.12",101.75
Adj Close,2022-04-22,"33,811.40",2964.835693,1934.3,"4,271.78",101.22
Adj Close,2022-04-21,"34,792.76",2987.480713,1948.2,"4,393.66",100.58
Adj Close,2022-04-20,"35,160.79",3077.74585,1955.6,"4,459.45",100.39
Adj Close,2022-04-19,"34,911.20",3104.106445,1959.0,"4,462.21",100.96
Adj Close,2022-04-18,"34,411.69",3057.606689,1986.4,"4,391.69",100.78
Adj Close,2022-04-14,"34,451.23",3019.909424,1974.9,"4,392.59",100.32
Adj Close,2022-04-13,"34,564.59",3118.344238,1984.7,"4,446.59",99.88
Adj Close,2022-04-12,"34,220.36",3030.376465,1976.1,"4,397.45",100.29
Adj Close,2022-04-11,"34,308.08",2981.052246,1948.2,"4,412.53",99.93
Adj Close,2022-04-08,"34,721.12",3192.073975,1945.6,"4,488.28",99.8
Adj Close,2022-04-07,"34,583.57",3233.274658,1937.8,"4,500.21",99.75
Adj Close,2022-04-06,"34,496.51",3171.691895,1923.1,"4,481.15",99.6
Adj Close,2022-04-05,"34,641.18",3411.79248,1927.5,"4,525.12",99.47
Adj Close,2022-04-04,"34,921.88",3521.241211,1934.0,"4,582.64",99.0
Adj Close,2022-04-01,"34,818.27",3449.552246,1923.7,"4,545.86",98.63
Adj Close,2022-03-31,"34,678.35",3281.642822,1954.0,"4,530.41",98.31
Adj Close,2022-03-30,"35,228.81",3385.157959,1939.0,"4,602.45",97.79
Adj Close,2022-03-29,"35,294.19",3401.987793,1918.0,"4,631.60",98.4
Adj Close,2022-03-28,"34,955.89",3336.634521,1944.7,"4,575.52",99.09
Adj Close,2022-03-25,"34,861.24",3106.671387,1959.8,"4,543.04",98.79
Adj Close,2022-03-24,"34,707.94",3108.062012,1967.7,"4,520.16",98.79
Adj Close,2022-03-23,"34,358.50",3031.067139,1942.6,"4,456.23",98.62
Adj Close,2022-03-22,"34,807.46",2973.131104,1926.7,"4,511.61",98.49
Adj Close,2022-03-21,"34,552.99",2897.976563,1934.8,"4,461.18",98.5
Adj Close,2022-03-18,"34,754.93",2945.343018,1933.9,"4,463.09",98.23
Adj Close,2022-03-17,"34,480.76",2814.854492,1948.2,"4,411.67",97.97
Adj Close,2022-03-16,"34,063.10",2772.055664,1909.2,"4,357.95",98.62
Adj Close,2022-03-15,"33,544.34",2620.149658,1929.7,"4,262.45",99.1
Adj Close,2022-03-14,"32,945.24",2590.696045,1960.8,"4,173.11",99.0
Adj Close,2022-03-11,"32,944.19",2559.562988,1985.0,"4,204.31",99.12
Adj Close,2022-03-10,"33,174.07",2608.048584,2000.4,"4,259.52",98.51
Adj Close,2022-03-09,"33,286.25",2729.783447,1988.2,"4,277.88",97.97
Adj Close,2022-03-08,"32,632.64",2576.747559,2043.3,"4,170.62",99.06
Adj Close,2022-03-07,"32,817.38",2497.77124,1995.9,"4,201.09",99.29
Adj Close,2022-03-04,"33,614.80",2617.156006,1966.6,"4,328.87",98.65
Adj Close,2022-03-03,"33,794.66",2834.468994,1935.9,"4,363.49",97.79
Adj Close,2022-03-02,"33,891.35",2950.118408,1922.3,"4,386.54",97.39
Adj Close,2022-03-01,"33,294.95",2972.485107,1943.8,"4,306.26",97.41
Adj Close,2022-02-28,"33,892.60",2919.201172,1900.7,"4,373.79",96.71
Adj Close,2022-02-25,"34,058.75",2764.535645,1887.6,"4,384.62",96.61
Adj Close,2022-02-24,"33,223.83",2598.067139,1926.3,"4,288.70",97.14
Adj Close,2022-02-23,"33,131.76",2590.359619,1910.4,"4,225.50",96.19
Adj Close,2022-02-22,"33,596.61",2639.299316,1907.4,"4,304.74",96.03
Adj Close,2022-02-18,"34,079.18",2785.727539,1899.8,"4,348.87",96.04
Adj Close,2022-02-17,"34,312.03",2881.481934,1902.0,"4,380.26",95.8
Adj Close,2022-02-16,"34,934.27",3127.830078,1871.5,"4,475.01",95.7
Adj Close,2022-02-15,"34,988.84",3179.877197,1856.2,"4,471.07",95.99
Adj Close,2022-02-14,"34,566.17",2933.479004,1869.4,"4,401.67",96.37
Adj Close,2022-02-11,"34,738.06",2927.383545,1842.1,"4,418.64",96.08
Adj Close,2022-02-10,"35,241.59",3077.482178,1837.4,"4,504.06",95.55
Adj Close,2022-02-09,"35,768.06",3239.457031,1836.6,"4,587.18",95.49
Adj Close,2022-02-08,"35,462.78",3122.608643,1827.9,"4,521.54",95.64
Adj Close,2022-02-07,"35,091.13",3142.470703,1821.8,"4,483.87",95.4
Adj Close,2022-02-04,"35,089.74",2983.586914,1807.8,"4,500.54",95.49
Adj Close,2022-02-03,"35,111.16",2679.162598,1804.1,"4,477.44",95.38
Adj Close,2022-02-02,"35,629.33",2682.854004,1810.3,"4,589.32",95.94
Adj Close,2022-02-01,"35,405.24",2792.117188,1801.5,"4,546.54",96.39
Adj Close,2022-01-31,"35,131.86",2688.278809,1796.4,"4,515.55",96.54
Adj Close,2022-01-28,"34,725.47",2547.092041,1786.6,"4,431.85",97.27
Adj Close,2022-01-27,"34,160.78",2423.001221,1795.0,"4,326.50",97.25
Adj Close,2022-01-26,"34,168.09",2468.030273,1832.0,"4,349.93",96.39
Adj Close,2022-01-25,"34,297.73",2455.935059,1855.0,"4,356.45",95.95
Adj Close,2022-01-24,"34,364.50",2440.352295,1844.2,"4,410.13",95.92
Adj Close,2022-01-21,"34,265.37",2557.931641,1834.1,"4,397.93",95.64
Adj Close,2022-01-20,"34,715.39",3001.120117,1844.9,"4,482.73",95.74
Adj Close,2022-01-19,"35,028.65",3095.825928,1845.5,"4,532.76",95.51
Adj Close,2022-01-18,"35,368.47",3164.025146,1812.4,"4,577.34",95.73
Adj Close,2022-01-14,"35,911.81",3310.001465,1816.5,"4,662.85",95.17
Adj Close,2022-01-13,"36,113.62",3248.288574,1821.4,"4,659.02",94.79
Adj Close,2022-01-12,"36,290.32",3372.258301,1827.3,"4,726.35",94.92
Adj Close,2022-01-11,"36,252.02",3238.111572,1818.5,"4,713.07",95.62
Adj Close,2022-01-10,"36,068.87",3083.0979,1798.8,"4,670.29",95.99
Adj Close,2022-01-07,"36,231.66",3193.210449,1797.4,"4,677.02",95.72
Adj Close,2022-01-06,"36,236.47",3418.408203,1789.2,"4,696.05",96.32
Adj Close,2022-01-05,"36,407.11",3550.386963,1825.1,"4,700.58",96.17
Adj Close,2022-01-04,"36,799.65",3794.056641,1814.6,"4,793.54",96.26
Adj Close,2022-01-03,"36,585.06",3761.380371,1800.1,"4,796.56",96.21
Adj Close,2021-12-31,"36,338.30",3682.632813,1828.6,"4,766.18",95.97
Adj Close,2021-12-30,"36,398.08",3713.852051,1814.1,"4,778.73",95.97
Adj Close,2021-12-29,"36,488.63",3628.531738,1805.8,"4,793.06",95.93
Adj Close,2021-12-28,"36,398.21",3800.893066,1810.9,"4,786.36",96.2
Adj Close,2021-12-27,"36,302.38",4037.547607,1808.8,"4,791.19",96.09
Adj Close,2021-12-23,"35,950.56",4108.015625,1811.7,"4,725.78",96.02
Adj Close,2021-12-22,"35,753.89",3982.099609,1802.2,"4,696.56",96.08
Adj Close,2021-12-21,"35,492.70",4020.26001,1788.7,"4,649.23",96.49
Adj Close,2021-12-20,"34,932.16",3933.844482,1794.6,"4,568.02",96.55
Adj Close,2021-12-17,"35,365.44",3879.486572,1804.9,"4,620.64",96.57
Adj Close,2021-12-16,"35,897.64",3962.469727,1798.2,"4,668.67",96.04
Adj Close,2021-12-15,"35,927.43",4018.388672,1764.5,"4,709.84",96.51
Adj Close,2021-12-14,"35,544.18",3745.44043,1772.3,"4,634.09",96.57
Adj Close,2021-12-13,"35,650.95",3784.226807,1788.3,"4,669.15",96.32
Adj Close,2021-12-10,"35,970.99",3908.496094,1784.8,"4,712.02",96.1
Adj Close,2021-12-09,"35,754.69",4119.815918,1776.7,"4,667.45",96.27
Adj Close,2021-12-08,"35,754.75",4439.35791,1785.5,"4,701.21",95.89
Adj Close,2021-12-07,"35,719.43",4315.061523,1784.7,"4,686.75",96.37
Adj Close,2021-12-06,"35,227.03",4358.737305,1779.5,"4,591.67",96.33
Adj Close,2021-12-03,"34,580.08",4220.706055,1783.9,"4,538.43",96.12
Adj Close,2021-12-02,"34,639.79",4511.302246,1762.7,"4,577.10",96.16
Adj Close,2021-12-01,"34,022.04",4586.990234,1784.3,"4,513.04",96.03
Adj Close,2021-11-30,"34,483.72",4631.479004,1776.5,"4,567.00",95.99
Adj Close,2021-11-29,"35,135.94",4445.10498,1785.2,"4,655.27",96.34
Adj Close,2021-11-26,"34,899.34",4030.908936,1788.1,"4,594.62",96.09
Adj Close,2021-11-24,"35,804.38",4239.981445,1786.9,"4,701.46",96.88
Adj Close,2021-11-23,"35,813.80",4340.763672,1786.3,"4,690.70",96.49
Adj Close,2021-11-22,"35,619.25",4088.457764,1809.1,"4,682.95",96.55
Adj Close,2021-11-19,"35,601.98",4298.306641,1854.3,"4,697.96",96.03
Adj Close,2021-11-18,"35,870.95",4000.650879,1864.0,"4,706.64",95.54
Adj Close,2021-11-17,"35,931.05",4287.59375,1872.8,"4,688.67",95.83
Adj Close,2021-11-16,"36,142.22",4216.365234,1854.1,"4,700.90",95.92
Adj Close,2021-11-15,"36,087.45",4557.503906,1866.6,"4,682.81",95.41
Adj Close,2021-11-12,"36,100.31",4667.115234,1868.5,"4,682.85",95.13
Adj Close,2021-11-11,"35,921.23",4730.384277,1863.9,"4,649.27",95.18
Adj Close,2021-11-10,"36,079.94",4636.174316,1848.3,"4,646.71",94.85
Adj Close,2021-11-09,"36,319.98",4735.068848,1830.8,"4,685.25",93.96
Adj Close,2021-11-08,"36,432.22",4812.087402,1828.0,"4,701.70",94.05
Adj Close,2021-11-05,"36,327.95",4486.243164,1816.8,"4,697.53",94.32
Adj Close,2021-11-04,"36,124.23",4537.324219,1793.5,"4,680.06",94.35
Adj Close,2021-11-03,"36,157.58",4607.193848,1763.9,"4,660.57",93.86
Adj Close,2021-11-02,"36,052.63",4584.798828,1789.4,"4,630.65",94.09
Adj Close,2021-11-01,"35,913.84",4324.626953,1795.8,"4,613.67",93.88
Adj Close,2021-10-29,"35,819.56",4414.746582,1783.9,"4,605.38",94.12
Adj Close,2021-10-28,"35,730.48",4287.318848,1802.6,"4,596.42",93.35
Adj Close,2021-10-27,"35,490.69",3930.257324,1798.8,"4,551.68",93.8
Adj Close,2021-10-26,"35,756.88",4131.102051,1793.4,"4,574.79",93.95
Adj Close,2021-10-25,"35,741.15",4217.876953,1806.8,"4,566.48",93.81
Adj Close,2021-10-22,"35,677.02",3970.181885,1796.3,"4,544.90",93.64
Adj Close,2021-10-21,"35,603.08",4054.322754,1781.9,"4,549.78",93.77
Adj Close,2021-10-20,"35,609.34",4155.992188,1784.9,"4,536.19",93.56
Adj Close,2021-10-19,"35,457.31",3877.650879,1770.5,"4,519.63",93.73
Adj Close,2021-10-18,"35,258.61",3748.760254,1765.7,"4,486.48",93.95
Adj Close,2021-10-15,"35,294.76",3862.634766,1768.3,"4,471.37",93.94
Adj Close,2021-10-14,"34,912.56",3786.01416,1797.9,"4,438.23",93.96
Adj Close,2021-10-13,"34,377.81",3606.20166,1794.7,"4,363.80",94.08
Adj Close,2021-10-12,"34,378.34",3492.573242,1759.3,"4,350.64",94.52
Adj Close,2021-10-11,"34,496.06",3545.354004,1755.7,"4,361.19",94.32
Adj Close,2021-10-08,"34,746.25",3563.759277,1757.4,"4,391.36",94.07
Adj Close,2021-10-07,"34,754.94",3587.974854,1759.2,"4,399.76",94.22
Adj Close,2021-10-06,"34,416.99",3580.562012,1761.8,"4,363.55",94.27
Adj Close,2021-10-05,"34,314.67",3518.518555,1760.9,"4,345.72",93.97
Adj Close,2021-10-04,"34,002.92",3380.089111,1767.6,"4,300.46",93.78
Adj Close,2021-10-01,"34,326.46",3307.516113,1758.4,"4,357.05",94.04
Adj Close,2021-09-30,"33,843.92",3001.678955,1757.0,"4,307.54",94.23
Adj Close,2021-09-29,"34,390.72",2853.143311,1722.9,"4,359.46",94.34
Adj Close,2021-09-28,"34,299.99",2807.296631,1737.5,"4,352.63",93.77
Adj Close,2021-09-27,"34,869.37",2934.138916,1752.0,"4,443.11",93.38
Adj Close,2021-09-24,"34,798.00",2931.669189,1751.7,"4,455.48",93.33
Adj Close,2021-09-23,"34,764.82",3155.523682,1749.8,"4,448.98",93.03
Adj Close,2021-09-22,"34,258.32",3077.86792,1778.8,"4,395.64",93.46
Adj Close,2021-09-21,"33,919.84",2764.431152,1778.2,"4,354.18",93.2
Adj Close,2021-09-20,"33,970.47",2958.993408,1763.8,"4,357.73",93.28
Adj Close,2021-09-17,"34,584.88",3398.538818,1751.4,"4,432.99",93.19
Adj Close,2021-09-16,"34,751.32",3571.294922,1756.7,"4,473.76",92.93
Adj Close,2021-09-15,"34,814.39",3615.282715,1794.8,"4,480.70",92.55
Adj Close,2021-09-14,"34,577.57",3429.169678,1807.1,"4,443.05",92.62
Adj Close,2021-09-13,"34,869.63",3285.511719,1794.4,"4,468.73",92.68
Adj Close,2021-09-10,"34,607.72",3211.505859,1792.1,"4,458.58",92.58
Adj Close,2021-09-09,"34,879.38",3427.340088,1800.0,"4,493.28",92.48
Adj Close,2021-09-08,"35,031.07",3497.315186,1793.5,"4,514.07",92.65
Adj Close,2021-09-07,"35,100.00",3426.394287,1798.5,"4,520.03",92.51
Adj Close,2021-09-03,"35,369.09",3940.614746,1833.7,"4,535.43",92.04
Adj Close,2021-09-02,"35,443.82",3790.98999,1811.5,"4,536.95",92.22
Adj Close,2021-09-01,"35,312.53",3834.828125,1816.0,"4,524.09",92.45
Adj Close,2021-08-31,"35,360.73",3433.732666,1818.1,"4,522.68",92.63
Adj Close,2021-08-30,"35,399.84",3224.374268,1812.2,"4,528.79",92.65
Adj Close,2021-08-27,"35,455.80",3270.60083,1819.5,"4,509.37",92.69
Adj Close,2021-08-26,"35,213.12",3100.325439,1795.2,"4,469.91",93.06
Adj Close,2021-08-25,"35,405.50",3224.915283,1791.0,"4,496.19",92.82
Adj Close,2021-08-24,"35,366.26",3172.456299,1808.5,"4,486.23",92.89
Adj Close,2021-08-23,"35,335.71",3319.257324,1806.3,"4,479.54",92.96
Adj Close,2021-08-20,"35,120.08",3286.935303,1784.0,"4,441.67",93.5
Adj Close,2021-08-19,"34,894.12",3182.702148,1783.1,"4,405.80",93.57
Adj Close,2021-08-18,"34,960.69",3020.089844,1784.4,"4,400.27",93.14
Adj Close,2021-08-17,"35,343.28",3014.845947,1787.8,"4,448.08",93.13
Adj Close,2021-08-16,"35,625.40",3156.509521,1789.8,"4,479.66",92.63
Adj Close,2021-08-13,"35,515.38",3322.21167,1778.2,"4,468.00",92.52
Adj Close,2021-08-12,"35,499.85",3043.414307,1751.8,"4,460.84",93.04
Adj Close,2021-08-11,"35,484.97",3164.245117,1753.3,"4,447.70",92.92
Adj Close,2021-08-10,"35,264.67",3141.691162,1731.7,"4,436.75",93.06
Adj Close,2021-08-09,"35,101.85",3167.856201,1726.5,"4,432.35",92.94
Adj Close,2021-08-06,"35,208.51",2890.94165,1763.1,"4,436.52",92.8
Adj Close,2021-08-05,"35,064.25",2827.328857,1808.9,"4,429.10",92.24
Adj Close,2021-08-04,"34,792.67",2724.619873,1814.5,"4,402.68",92.27
Adj Close,2021-08-03,"35,116.40",2502.349609,1814.1,"4,423.15",92.08
Adj Close,2021-08-02,"34,838.16",2610.15332,1822.2,"4,387.11",92.05
Adj Close,2021-07-30,"34,935.47",2466.961426,1817.2,"4,395.26",92.17
Adj Close,2021-07-29,"35,084.53",2380.956787,1835.8,"4,419.15",91.86
Adj Close,2021-07-28,"34,930.93",2296.54541,1804.6,"4,400.65",92.32
Adj Close,2021-07-27,"35,058.52",2298.333496,1804.0,"4,401.46",92.43
Adj Close,2021-07-26,"35,144.31",2233.366699,1803.4,"4,422.23",92.65
Adj Close,2021-07-23,"35,061.55",2124.776611,1805.9,"4,411.80",92.91
Adj Close,2021-07-22,"34,823.35",2025.202759,1809.2,"4,367.48",92.82
Adj Close,2021-07-21,"34,798.00",1990.970825,1807.4,"4,358.69",92.75
Adj Close,2021-07-20,"34,511.99",1787.510742,1811.4,"4,323.21",92.97
Adj Close,2021-07-19,"33,962.04",1817.296631,1809.2,"4,258.63",92.89
Adj Close,2021-07-16,"34,687.85",1880.382935,1815.0,"4,327.16",92.69
Adj Close,2021-07-15,"34,987.02",1911.175659,1829.0,"4,360.03",92.62
Adj Close,2021-07-14,"34,933.23",1994.331299,1825.0,"4,374.30",92.41
Adj Close,2021-07-13,"34,888.79",1940.083984,1809.9,"4,369.21",92.75
Adj Close,2021-07-12,"34,996.18",2036.721069,1805.9,"4,384.63",92.26
Adj Close,2021-07-09,"34,870.16",2146.692383,1810.6,"4,369.55",92.13
Adj Close,2021-07-08,"34,421.93",2120.026367,1800.2,"4,320.82",92.42
Adj Close,2021-07-07,"34,681.79",2315.161865,1802.1,"4,358.13",92.64
Adj Close,2021-07-06,"34,577.37",2324.679443,1794.2,"4,343.54",92.55
Adj Close,2021-07-02,"34,786.35",2150.040283,1783.3,"4,352.34",92.23
Adj Close,2021-07-01,"34,633.53",2113.605469,1776.8,"4,319.94",92.6
Adj Close,2021-06-30,"34,502.51",2274.547607,1771.6,"4,297.50",92.44
Adj Close,2021-06-29,"34,292.29",2160.768311,1763.6,"4,291.80",92.05
Adj Close,2021-06-28,"34,283.27",2079.657471,1780.7,"4,290.61",91.89
Adj Close,2021-06-25,"34,433.84",1813.217285,1777.8,"4,280.70",91.85
Adj Close,2021-06-24,"34,196.82",1988.456299,1776.7,"4,266.49",91.81
Adj Close,2021-06-23,"33,874.24",1989.736328,1783.4,"4,241.84",91.8
Adj Close,2021-06-22,"33,945.58",1874.950073,1777.4,"4,246.44",91.76
Adj Close,2021-06-21,"33,876.97",1888.44751,1782.9,"4,224.79",91.9
Adj Close,2021-06-18,"33,290.08",2231.733154,1769.0,"4,166.45",92.22
Adj Close,2021-06-17,"33,823.45",2372.001953,1774.8,"4,221.86",91.89
Adj Close,2021-06-16,"34,033.67",2367.663574,1861.4,"4,223.70",91.13
Adj Close,2021-06-15,"34,299.33",2610.936768,1856.4,"4,246.59",90.54
Adj Close,2021-06-14,"34,393.75",2537.891113,1865.9,"4,255.15",90.52
Adj Close,2021-06-11,"34,479.60",2353.768799,1879.6,"4,247.44",90.56
Adj Close,2021-06-10,"34,466.24",2471.518555,1896.4,"4,239.18",90.07
Adj Close,2021-06-09,"34,447.14",2608.26709,1895.5,"4,219.55",90.12
Adj Close,2021-06-08,"34,599.82",2517.438721,1894.4,"4,227.26",90.08
Adj Close,2021-06-07,"34,630.24",2590.263184,1898.8,"4,226.52",89.95
Adj Close,2021-06-04,"34,756.39",2688.195068,1892.0,"4,229.89",90.14
Adj Close,2021-06-03,"34,577.04",2855.126465,1873.3,"4,192.85",90.51
Adj Close,2021-06-02,"34,600.38",2706.125,1909.9,"4,208.12",89.91
Adj Close,2021-06-01,"34,575.31",2633.518311,1905.0,"4,202.04",89.83
Adj Close,2021-05-28,"34,529.45",2419.90625,1905.3,"4,204.11",90.03
Adj Close,2021-05-27,"34,464.64",2736.488525,1898.5,"4,200.88",89.97
Adj Close,2021-05-26,"34,323.05",2888.69873,1903.8,"4,195.99",90.04
Adj Close,2021-05-25,"34,312.46",2706.628906,1900.5,"4,188.13",89.64
Adj Close,2021-05-24,"34,393.98",2643.591064,1886.7,"4,197.05",89.84
Adj Close,2021-05-21,"34,207.84",2430.621338,1878.9,"4,155.86",90.02
Adj Close,2021-05-20,"34,084.15",2784.294189,1883.9,"4,159.12",89.81
Adj Close,2021-05-19,"33,896.04",2460.679199,1881.5,"4,115.68",90.19
Adj Close,2021-05-18,"34,060.66",3380.070068,1868.0,"4,127.83",89.75
Adj Close,2021-05-17,"34,327.79",3282.397705,1867.6,"4,163.29",90.16
Adj Close,2021-05-14,"34,382.13",4079.057373,1838.1,"4,173.85",90.32
Adj Close,2021-05-13,"34,021.45",3715.148438,1824.0,"4,112.50",90.75
Adj Close,2021-05-12,"33,587.66",3785.848633,1822.8,"4,063.04",90.71
Adj Close,2021-05-11,"34,269.16",4168.701172,1836.1,"4,152.10",90.14
Adj Close,2021-05-10,"34,742.82",3952.293945,1837.6,"4,188.43",90.21
Adj Close,2021-05-07,"34,777.76",3484.729004,1831.3,"4,232.60",90.23
Adj Close,2021-05-06,"34,548.53",3490.880371,1815.7,"4,201.62",90.95
Adj Close,2021-05-05,"34,230.34",3522.783203,1784.3,"4,167.59",91.31
Adj Close,2021-05-04,"34,133.03",3253.629395,1776.0,"4,164.66",91.29
Adj Close,2021-05-03,"34,113.23",3431.086182,1791.8,"4,192.66",90.94
Adj Close,2021-04-30,"33,874.85",2773.207031,1767.7,"4,181.17",91.28
Adj Close,2021-04-29,"34,060.36",2756.876953,1768.3,"4,211.47",90.61
Adj Close,2021-04-28,"33,820.38",2746.380127,1773.9,"4,183.18",90.61
Adj Close,2021-04-27,"33,984.93",2662.865234,1778.8,"4,186.72",90.91
Adj Close,2021-04-26,"33,981.57",2534.481689,1780.1,"4,187.62",90.81
Adj Close,2021-04-23,"34,043.49",2363.586182,1777.8,"4,180.17",90.86
Adj Close,2021-04-22,"33,815.90",2403.535156,1782.0,"4,134.98",91.33
Adj Close,2021-04-21,"34,137.31",2364.751709,1793.1,"4,173.42",91.15
Adj Close,2021-04-20,"33,821.30",2330.210938,1778.4,"4,134.94",91.24
Adj Close,2021-04-19,"34,077.63",2166.188721,1770.6,"4,163.26",91.07
Adj Close,2021-04-16,"34,200.67",2431.946533,1780.2,"4,185.47",91.56
Adj Close,2021-04-15,"34,035.99",2519.116211,1766.8,"4,170.42",91.69
Adj Close,2021-04-14,"33,730.89",2435.10498,1736.3,"4,124.66",91.69
Adj Close,2021-04-13,"33,677.27",2299.187744,1747.6,"4,141.59",91.85
Adj Close,2021-04-12,"33,745.40",2139.353271,1732.7,"4,127.99",92.14
Adj Close,2021-04-09,"33,800.60",2072.108887,1744.8,"4,128.80",92.16
Adj Close,2021-04-08,"33,503.57",2088.57373,1758.2,"4,097.17",92.06
Adj Close,2021-04-07,"33,446.26",1971.077271,1741.6,"4,079.95",92.46
Adj Close,2021-04-06,"33,430.24",2118.378906,1743.0,"4,073.94",92.33
Adj Close,2021-04-05,"33,527.19",2107.887207,1728.8,"4,077.91",92.6
Adj Close,2021-04-01,"33,153.21",1977.276855,1728.4,"4,019.87",92.93
Adj Close,2021-03-31,"32,981.55",1918.362061,1715.6,"3,972.89",93.23
Adj Close,2021-03-30,"33,066.96",1846.033691,1686.0,"3,958.55",93.3
Adj Close,2021-03-29,"33,171.37",1819.684937,1714.6,"3,971.09",92.94
Adj Close,2021-03-26,"33,072.88",1702.842041,1734.7,"3,974.54",92.77
Adj Close,2021-03-25,"32,619.48",1595.359253,1727.3,"3,909.52",92.53
Adj Close,2021-03-24,"32,420.06",1593.413452,1735.5,"3,889.14",92.53
Adj Close,2021-03-23,"32,423.15",1678.650146,1727.5,"3,910.52",92.34
Adj Close,2021-03-22,"32,731.20",1691.333984,1740.4,"3,940.59",91.74
Adj Close,2021-03-19,"32,627.97",1817.624146,1743.9,"3,913.10",91.92
Adj Close,2021-03-18,"32,862.30",1782.855103,1734.6,"3,915.46",91.86
Adj Close,2021-03-17,"33,015.37",1823.449341,1727.1,"3,974.12",91.44
Adj Close,2021-03-16,"32,825.95",1806.971802,1730.9,"3,962.71",91.86
Adj Close,2021-03-15,"32,953.46",1791.702271,1729.2,"3,968.94",91.83
Adj Close,2021-03-12,"32,778.64",1772.102417,1719.8,"3,943.34",91.68
Adj Close,2021-03-11,"32,485.59",1826.194946,1722.6,"3,939.34",91.42
Adj Close,2021-03-10,"32,297.02",1799.16626,1721.8,"3,898.81",91.82
Adj Close,2021-03-09,"31,832.74",1868.048828,1716.9,"3,875.44",91.96
Adj Close,2021-03-08,"31,802.44",1834.727905,1678.0,"3,821.35",92.31
Adj Close,2021-03-05,"31,496.30",1533.275024,1698.5,"3,841.94",91.98
Adj Close,2021-03-04,"30,924.14",1541.914307,1700.7,"3,768.47",91.63
Adj Close,2021-03-03,"31,270.09",1575.853149,1715.8,"3,819.72",90.95
Adj Close,2021-03-02,"31,391.52",1492.608765,1733.6,"3,870.29",90.79
Adj Close,2021-03-01,"31,535.51",1564.707642,1723.0,"3,901.82",91.04
Adj Close,2021-02-26,"30,932.37",1446.033691,1728.8,"3,811.15",90.88
Adj Close,2021-02-25,"31,402.01",1475.703735,1775.4,"3,829.34",90.13
Adj Close,2021-02-24,"31,961.86",1626.575684,1797.9,"3,925.43",90.18
Adj Close,2021-02-23,"31,537.35",1570.203979,1805.9,"3,881.37",90.17
Adj Close,2021-02-22,"31,521.69",1781.99292,1808.4,"3,876.50",90.01
Adj Close,2021-02-19,"31,494.32",1960.164795,1777.4,"3,906.71",90.36
Adj Close,2021-02-18,"31,493.34",1937.449219,1775.0,"3,913.97",90.59
Adj Close,2021-02-17,"31,613.02",1848.458252,1772.8,"3,931.33",90.95
Adj Close,2021-02-16,"31,522.75",1781.067505,1799.0,"3,932.59",90.51
Adj Close,2021-02-12,"31,458.40",1843.532593,1823.2,"3,934.83",90.48
Adj Close,2021-02-11,"31,430.70",1783.797974,1826.8,"3,916.38",90.42
Adj Close,2021-02-10,"31,437.80",1744.243408,1842.7,"3,909.88",90.37
Adj Close,2021-02-09,"31,375.83",1768.035034,1837.5,"3,911.23",90.44
Adj Close,2021-02-08,"31,385.76",1746.616821,1834.2,"3,915.59",90.93
Adj Close,2021-02-05,"31,148.24",1718.650879,1813.0,"3,886.83",91.04
Adj Close,2021-02-04,"31,055.86",1594.762695,1791.2,"3,871.74",91.53
Adj Close,2021-02-03,"30,723.60",1660.909546,1835.1,"3,830.17",91.17
Adj Close,2021-02-02,"30,687.48",1515.193726,1833.4,"3,826.31",91.2
Adj Close,2021-02-01,"30,211.91",1369.040527,1863.9,"3,773.86",90.98
Adj Close,2021-01-29,"29,982.62",1382.522827,1850.3,"3,714.24",90.58
Adj Close,2021-01-28,"30,603.36",1332.492188,1841.2,"3,787.38",90.46
Adj Close,2021-01-27,"30,303.17",1253.187134,1848.9,"3,750.77",90.65
Adj Close,2021-01-26,"30,937.04",1357.058105,1854.8,"3,849.62",90.17
Adj Close,2021-01-25,"30,960.00",1324.414795,1859.0,"3,855.36",90.39
Adj Close,2021-01-22,"30,996.98",1236.512207,1859.9,"3,841.47",90.24
Adj Close,2021-01-21,"31,176.01",1121.570923,1869.3,"3,853.07",90.13
Adj Close,2021-01-20,"31,188.38",1382.274048,1870.2,"3,851.85",90.47
Adj Close,2021-01-19,"30,930.52",1377.295898,1840.2,"3,798.91",90.5
Adj Close,2021-01-15,"30,814.26",1171.834595,1829.9,"3,768.25",90.77
Adj Close,2021-01-14,"30,991.52",1218.453003,1851.4,"3,795.54",90.24
Adj Close,2021-01-13,"31,060.47",1130.73938,1854.9,"3,809.84",90.36
Adj Close,2021-01-12,"31,068.69",1043.43457,1844.2,"3,801.19",90.09
Adj Close,2021-01-11,"31,008.69",1090.145386,1850.8,"3,799.61",90.46
Adj Close,2021-01-08,"31,097.97",1224.197144,1835.4,"3,824.68",90.1
Adj Close,2021-01-07,"31,041.13",1225.678101,1913.6,"3,803.79",89.83
Adj Close,2021-01-06,"30,829.40",1207.112183,1908.6,"3,748.14",89.53
Adj Close,2021-01-05,"30,391.60",1100.006104,1954.4,"3,726.86",89.44
Adj Close,2021-01-04,"30,223.89",1040.233032,1946.6,"3,700.65",89.87
Adj Close,2020-12-31,"30,606.48",737.803406,1895.1,"3,756.07",89.94
Adj Close,2020-12-30,"30,409.56",751.618958,1893.4,"3,732.04",89.68
Adj Close,2020-12-29,"30,335.67",731.520142,1882.9,"3,727.04",89.99
Adj Close,2020-12-28,"30,403.97",730.397339,1880.4,"3,735.36",90.34
Adj Close,2020-12-24,"30,199.87",611.607178,1883.2,"3,703.06",90.32
Adj Close,2020-12-23,"30,129.83",583.7146,1878.1,"3,690.01",90.41
Adj Close,2020-12-22,"30,015.51",634.854187,1870.3,"3,687.26",90.65
Adj Close,2020-12-21,"30,216.45",609.817871,1882.8,"3,694.92",90.04
Adj Close,2020-12-18,"30,179.05",654.811951,1888.9,"3,709.41",90.02
Adj Close,2020-12-17,"30,303.37",642.868958,1890.4,"3,722.48",89.82
Adj Close,2020-12-16,"30,154.54",636.181824,1859.1,"3,701.17",90.45
Adj Close,2020-12-15,"30,199.31",589.355591,1855.3,"3,694.62",90.47
Adj Close,2020-12-14,"29,861.55",586.011169,1832.1,"3,647.49",90.71
Adj Close,2020-12-11,"30,046.37",545.797363,1843.6,"3,663.46",90.98
Adj Close,2020-12-10,"29,999.26",559.678528,1837.4,"3,668.10",90.82
Adj Close,2020-12-09,"30,068.81",573.479126,1838.5,"3,672.82",91.09
Adj Close,2020-12-08,"30,173.88",554.827759,1874.9,"3,702.25",90.96
Adj Close,2020-12-07,"30,069.79",591.843384,1866.0,"3,691.96",90.79
Adj Close,2020-12-04,"30,218.26",569.354187,1840.0,"3,699.12",90.7
Adj Close,2020-12-03,"29,969.52",616.70874,1841.1,"3,666.72",90.71
Adj Close,2020-12-02,"29,883.79",598.352356,1830.2,"3,669.01",91.12
Adj Close,2020-12-01,"29,823.92",587.324158,1818.9,"3,662.45",91.31
Adj Close,2020-11-30,"29,638.64",614.842529,1780.9,"3,621.63",91.87
Adj Close,2020-11-27,"29,910.37",517.493713,1788.1,"3,638.35",91.79
Adj Close,2020-11-25,"29,872.47",570.686646,1811.2,"3,629.65",91.99
Adj Close,2020-11-24,"30,046.24",603.897766,1810.9,"3,635.41",92.23
Adj Close,2020-11-23,"29,591.27",608.454041,1844.1,"3,577.59",92.5
Adj Close,2020-11-20,"29,263.48",509.744568,1872.4,"3,557.54",92.39
Adj Close,2020-11-19,"29,483.23",471.630432,1861.5,"3,581.87",92.29
Adj Close,2020-11-18,"29,438.42",479.48407,1873.9,"3,567.79",92.32
Adj Close,2020-11-17,"29,783.35",480.360077,1885.1,"3,609.53",92.42
Adj Close,2020-11-16,"29,950.44",459.940308,1887.8,"3,626.91",92.64
Adj Close,2020-11-13,"29,479.81",474.626434,1886.2,"3,585.15",92.75
Adj Close,2020-11-12,"29,080.17",461.00528,1873.3,"3,537.01",92.96
Adj Close,2020-11-11,"29,397.63",462.960541,1861.6,"3,572.66",93.04
Adj Close,2020-11-10,"29,420.92",449.679626,1876.4,"3,545.53",92.75
Adj Close,2020-11-09,"29,157.97",444.163055,1854.4,"3,550.50",92.72
Adj Close,2020-11-06,"28,323.40",454.719299,1951.7,"3,509.44",92.23
Adj Close,2020-11-05,"28,390.18",414.067352,1946.8,"3,510.45",92.53
Adj Close,2020-11-04,"27,847.66",402.141998,1896.2,"3,443.44",93.41
Adj Close,2020-11-03,"27,480.03",387.602173,1910.4,"3,369.16",93.55
Adj Close,2020-11-02,"26,925.05",383.156738,1892.5,"3,310.24",94.13
Adj Close,2020-10-30,"26,501.60",382.819977,1879.9,"3,269.96",94.04
Adj Close,2020-10-29,"26,659.11",386.730103,1868.0,"3,310.11",93.96
Adj Close,2020-10-28,"26,519.95",388.650757,1879.2,"3,271.03",93.4
Adj Close,2020-10-27,"27,463.19",403.99704,1911.9,"3,390.68",92.94
Adj Close,2020-10-26,"27,685.38",393.888306,1905.7,"3,400.97",93.04
Adj Close,2020-10-23,"28,335.57",409.766693,1905.2,"3,465.39",92.77
Adj Close,2020-10-22,"28,363.66",413.77298,1904.6,"3,453.49",92.95
Adj Close,2020-10-21,"28,210.82",392.189972,1929.5,"3,435.56",92.61
Adj Close,2020-10-20,"28,308.79",369.136902,1915.4,"3,443.12",93.07
Adj Close,2020-10-19,"28,195.42",379.935608,1911.7,"3,426.92",93.43
Adj Close,2020-10-16,"28,606.31",366.229004,1906.4,"3,483.81",93.68
Adj Close,2020-10-15,"28,494.20",377.441833,1908.9,"3,483.34",93.86
Adj Close,2020-10-14,"28,514.00",379.484039,1907.3,"3,488.67",93.38
Adj Close,2020-10-13,"28,679.81",381.190765,1894.6,"3,511.93",93.53
Adj Close,2020-10-12,"28,837.52",387.731262,1928.9,"3,534.22",93.07
Adj Close,2020-10-09,"28,586.90",365.590485,1926.2,"3,477.13",93.06
Adj Close,2020-10-08,"28,425.51",350.766144,1895.1,"3,446.83",93.61
Adj Close,2020-10-07,"28,303.46",341.808655,1890.8,"3,419.45",93.63
Adj Close,2020-10-06,"27,772.76",340.815857,1908.8,"3,360.95",93.69
Adj Close,2020-10-05,"28,148.64",353.956787,1920.1,"3,408.63",93.51
Adj Close,2020-10-02,"27,682.81",346.238922,1907.6,"3,348.44",93.84
Adj Close,2020-10-01,"27,816.90",353.205902,1916.3,"3,380.80",93.71
Adj Close,2020-09-30,"27,781.70",359.937866,1895.5,"3,363.00",93.89
Adj Close,2020-09-29,"27,452.66",359.757385,1903.2,"3,335.47",93.89
Adj Close,2020-09-28,"27,584.06",355.159424,1882.3,"3,351.60",94.28
Adj Close,2020-09-25,"27,173.96",352.183258,1866.3,"3,298.46",94.64
Adj Close,2020-09-24,"26,815.44",349.355591,1876.9,"3,246.59",94.35
Adj Close,2020-09-23,"26,763.13",321.116302,1868.4,"3,236.92",94.39
Adj Close,2020-09-22,"27,288.18",344.503174,1907.6,"3,315.57",93.99
Adj Close,2020-09-21,"27,147.70",341.786072,1910.6,"3,281.06",93.66
Adj Close,2020-09-18,"27,657.42",384.364532,1962.1,"3,319.47",92.93
Adj Close,2020-09-17,"27,901.98",389.019226,1949.9,"3,357.01",92.97
Adj Close,2020-09-16,"28,032.38",365.812286,1970.5,"3,385.49",93.21
Adj Close,2020-09-15,"27,995.60",364.839203,1966.2,"3,401.20",93.05
Adj Close,2020-09-14,"27,993.33",377.26886,1963.7,"3,383.54",93.05
Adj Close,2020-09-11,"27,665.64",374.695587,1947.9,"3,340.97",93.33
Adj Close,2020-09-10,"27,534.58",368.101898,1964.3,"3,339.19",93.34
Adj Close,2020-09-09,"27,940.47",351.110016,1954.9,"3,398.96",93.25
Adj Close,2020-09-08,"27,500.89",337.602112,1943.2,"3,331.84",93.44
Adj Close,2020-09-04,"28,133.31",388.24115,1934.3,"3,426.96",92.72
Adj Close,2020-09-03,"28,292.73",385.671936,1937.8,"3,455.06",92.74
Adj Close,2020-09-02,"29,100.50",440.040497,1944.7,"3,580.84",92.85
Adj Close,2020-09-01,"28,645.66",477.05191,1978.9,"3,526.65",92.34
Adj Close,2020-08-31,"28,430.05",435.079742,1978.6,"3,500.31",92.14
Adj Close,2020-08-28,"28,653.87",395.874664,1974.9,"3,508.01",92.37
Adj Close,2020-08-27,"28,492.27",382.632629,1932.6,"3,484.55",93.0
Adj Close,2020-08-26,"28,331.92",386.466125,1952.5,"3,478.73",93.01
Adj Close,2020-08-25,"28,248.44",384.001038,1923.1,"3,443.62",93.02
Adj Close,2020-08-24,"28,308.46",408.144196,1939.2,"3,431.28",93.3
Adj Close,2020-08-21,"27,930.33",389.126343,1947.0,"3,397.16",93.25
Adj Close,2020-08-20,"27,739.73",416.439789,1946.5,"3,385.51",92.79
Adj Close,2020-08-19,"27,692.88",406.463776,1970.3,"3,374.85",92.89
Adj Close,2020-08-18,"27,778.07",423.669312,2013.1,"3,389.78",92.27
Adj Close,2020-08-17,"27,844.91",429.53125,1998.7,"3,381.99",92.85
Adj Close,2020-08-14,"27,931.02",437.397827,1949.8,"3,372.85",93.1
Adj Close,2020-08-13,"27,896.72",428.741791,1970.4,"3,373.43",93.33
Adj Close,2020-08-12,"27,976.84",391.02417,1949.0,"3,380.35",93.44
Adj Close,2020-08-11,"27,686.91",380.384064,1946.3,"3,333.69",93.63
Adj Close,2020-08-10,"27,791.44",395.887573,2039.7,"3,360.47",93.58
Adj Close,2020-08-07,"27,433.48",379.512848,2028.0,"3,351.28",93.43
Adj Close,2020-08-06,"27,386.98",394.961945,2069.4,"3,349.16",92.79
Adj Close,2020-08-05,"27,201.52",401.590576,2049.3,"3,327.77",92.87
Adj Close,2020-08-04,"26,828.47",389.875488,2021.0,"3,306.51",93.38
Adj Close,2020-08-03,"26,664.40",386.295166,1986.3,"3,294.61",93.54
Adj Close,2020-07-31,"26,428.32",345.554657,1985.9,"3,271.12",93.35
Adj Close,2020-07-30,"26,313.65",334.586639,1966.8,"3,246.22",93.02
Adj Close,2020-07-29,"26,539.57",318.190887,1976.7,"3,258.44",93.45
Adj Close,2020-07-28,"26,379.28",316.657257,1963.9,"3,218.44",93.7
Adj Close,2020-07-27,"26,584.77",321.514099,1955.4,"3,239.41",93.67
Adj Close,2020-07-24,"26,469.89",279.215424,1897.5,"3,215.63",94.43
Adj Close,2020-07-23,"26,652.33",274.689056,1890.0,"3,235.66",94.69
Adj Close,2020-07-22,"27,005.84",262.190643,1865.1,"3,276.02",94.99
Adj Close,2020-07-21,"26,840.40",245.016724,1843.9,"3,257.30",95.12
Adj Close,2020-07-20,"26,680.87",236.153168,1817.4,"3,251.84",95.83
Adj Close,2020-07-17,"26,671.95",232.773087,1810.0,"3,224.73",95.94
Adj Close,2020-07-16,"26,734.71",233.640884,1800.3,"3,215.57",96.35
Adj Close,2020-07-15,"26,870.10",238.423523,1813.8,"3,226.56",96.08
Adj Close,2020-07-14,"26,642.59",240.211487,1813.4,"3,197.52",96.26
Adj Close,2020-07-13,"26,085.80",239.604584,1814.1,"3,155.22",96.46
Adj Close,2020-07-10,"26,075.30",240.984985,1801.9,"3,185.04",96.65
Adj Close,2020-07-09,"25,706.09",243.015961,1803.8,"3,152.05",96.7
Adj Close,2020-07-08,"26,067.28",246.670013,1820.6,"3,169.94",96.43
Adj Close,2020-07-07,"25,890.18",239.075531,1809.9,"3,145.32",96.88
Adj Close,2020-07-06,"26,287.03",241.510223,1793.5,"3,179.72",96.72
Adj Close,2020-07-02,"25,827.36",229.392197,1790.0,"3,130.01",97.32
Adj Close,2020-07-01,"25,734.97",231.113419,1779.9,"3,115.86",97.2
Adj Close,2020-06-30,"25,812.88",226.315002,1800.5,"3,100.29",97.39
Adj Close,2020-06-29,"25,595.80",228.19487,1781.2,"3,053.24",97.54
Adj Close,2020-06-26,"25,015.55",229.668045,1780.3,"3,009.05",97.43
Adj Close,2020-06-25,"25,745.60",232.944489,1770.6,"3,083.76",97.43
Adj Close,2020-06-24,"25,445.94",235.772461,1775.1,"3,050.33",97.15
Adj Close,2020-06-23,"26,156.10",244.142151,1782.0,"3,131.29",96.65
Adj Close,2020-06-22,"26,024.96",242.533188,1766.4,"3,117.86",97.04
Adj Close,2020-06-19,"25,871.46",227.13829,1753.0,"3,097.74",97.62
Adj Close,2020-06-18,"26,080.10",232.101166,1731.1,"3,115.34",97.42
Adj Close,2020-06-17,"26,119.61",233.028275,1735.6,"3,113.49",97.16
Adj Close,2020-06-16,"26,289.98",234.416168,1736.5,"3,124.74",96.96
Adj Close,2020-06-15,"25,763.16",229.928909,1727.2,"3,066.59",96.71
Adj Close,2020-06-12,"25,605.54",237.49321,1737.3,"3,041.31",97.32
Adj Close,2020-06-11,"25,128.17",231.702667,1739.8,"3,002.10",96.73
Adj Close,2020-06-10,"26,989.99",247.444946,1720.7,"3,190.14",95.96
Adj Close,2020-06-09,"27,272.30",244.911453,1721.9,"3,207.18",96.32
Adj Close,2020-06-08,"27,572.44",246.309906,1705.1,"3,232.39",96.62
Adj Close,2020-06-05,"27,110.98",241.221985,1683.0,"3,193.93",96.94
Adj Close,2020-06-04,"26,281.82",244.426392,1727.4,"3,112.35",96.68
Adj Close,2020-06-03,"26,269.89",244.179321,1704.8,"3,122.87",97.28
Adj Close,2020-06-02,"25,742.65",237.219055,1734.0,"3,080.82",97.67
Adj Close,2020-06-01,"25,475.02",246.99176,1750.3,"3,055.73",97.83
Adj Close,2020-05-29,"25,383.11",220.675125,1736.9,"3,044.31",98.34
Adj Close,2020-05-28,"25,400.64",219.840424,1728.3,"3,029.73",98.38
Adj Close,2020-05-27,"25,548.27",208.863434,1726.8,"3,036.13",99.06
Adj Close,2020-05-26,"24,995.11",201.902313,1728.2,"2,991.77",98.91
Adj Close,2020-05-22,"24,465.16",207.169189,1734.6,"2,955.45",99.86
Adj Close,2020-05-21,"24,474.12",199.883606,1721.9,"2,948.51",99.37
Adj Close,2020-05-20,"24,575.90",210.096741,1750.6,"2,971.61",99.12
Adj Close,2020-05-19,"24,206.86",213.451111,1745.6,"2,922.94",99.37
Adj Close,2020-05-18,"24,597.37",214.525055,1734.4,"2,953.91",99.67
Adj Close,2020-05-15,"23,685.42",195.622665,1753.4,"2,863.70",100.4
Adj Close,2020-05-14,"23,625.34",202.949097,1740.9,"2,852.50",100.47
Adj Close,2020-05-13,"23,247.97",199.193283,1716.4,"2,820.00",100.24
Adj Close,2020-05-12,"23,764.78",189.3125,1706.8,"2,870.12",99.93
Adj Close,2020-05-11,"24,221.99",185.912842,1698.0,"2,930.32",100.24
Adj Close,2020-05-08,"24,331.32",212.991577,1709.9,"2,929.80",99.73
Adj Close,2020-05-07,"23,875.89",212.289413,1725.8,"2,881.19",99.89
Adj Close,2020-05-06,"23,664.64",204.055786,1688.5,"2,848.42",100.09
Adj Close,2020-05-05,"23,883.09",206.774399,1710.6,"2,868.44",99.71
Adj Close,2020-05-04,"23,749.76",208.174011,1713.3,"2,842.74",99.48
Adj Close,2020-05-01,"23,723.69",214.219101,1694.5,"2,830.71",99.08
Adj Close,2020-04-30,"24,345.72",207.602051,1694.2,"2,912.43",99.02
Adj Close,2020-04-29,"24,633.86",216.968231,1703.4,"2,939.51",99.57
Adj Close,2020-04-28,"24,101.55",198.41539,1722.2,"2,863.39",99.86
Adj Close,2020-04-27,"24,133.78",197.224716,1723.8,"2,878.48",100.04
Adj Close,2020-04-24,"23,775.27",189.236938,1723.5,"2,836.74",100.38
Adj Close,2020-04-23,"23,515.26",185.028671,1745.4,"2,797.80",100.43
Adj Close,2020-04-22,"23,475.82",182.599579,1738.3,"2,799.31",100.39
Adj Close,2020-04-21,"23,018.88",172.737701,1687.8,"2,736.56",100.26
Adj Close,2020-04-20,"23,650.44",172.297165,1711.2,"2,823.16",99.96
Adj Close,2020-04-17,"24,242.49",171.63858,1689.2,"2,874.56",99.78
Adj Close,2020-04-16,"23,537.68",172.157379,1731.7,"2,799.55",100.03
Adj Close,2020-04-15,"23,504.35",153.286896,1740.2,"2,783.36",99.46
Adj Close,2020-04-14,"23,949.76",157.59639,1768.9,"2,846.06",98.89
Adj Close,2020-04-13,"23,390.77",156.279556,1744.8,"2,761.63",99.35
Adj Close,2020-04-09,"23,719.37",170.807144,1736.2,"2,789.82",99.52
Adj Close,2020-04-08,"23,433.57",172.641739,1684.3,"2,749.98",100.12
Adj Close,2020-04-07,"22,653.86",165.101944,1683.7,"2,659.41",99.9
Adj Close,2020-04-06,"22,679.99",169.13588,1677.0,"2,663.68",100.68
Adj Close,2020-04-03,"21,052.53",142.091309,1633.7,"2,488.65",100.58
Adj Close,2020-04-02,"21,413.44",142.029144,1637.7,"2,526.90",100.18
Adj Close,2020-04-01,"20,943.51",135.634552,1591.4,"2,470.50",99.67
Adj Close,2020-03-31,"21,917.16",133.593567,1583.4,"2,584.59",99.05
Adj Close,2020-03-30,"22,327.48",132.904541,1643.2,"2,626.65",99.18
Adj Close,2020-03-27,"21,636.78",133.937943,1623.9,"2,541.47",98.36
Adj Close,2020-03-26,"22,552.17",138.361557,1660.3,"2,630.07",99.35
Adj Close,2020-03-25,"21,200.55",136.195892,1634.3,"2,475.56",101.05
Adj Close,2020-03-24,"20,704.91",138.761444,1660.2,"2,447.33",102.04
Adj Close,2020-03-23,"18,591.93",134.911606,1572.7,"2,237.40",102.49
Adj Close,2020-03-20,"19,173.98",132.737167,1484.0,"2,304.92",102.82
Adj Close,2020-03-19,"20,087.19",136.593857,1479.3,"2,409.39",102.75
Adj Close,2020-03-18,"19,898.92",114.84227,1477.9,"2,398.10",101.16
Adj Close,2020-03-17,"21,237.38",113.942749,1524.9,"2,529.19",99.57
Adj Close,2020-03-16,"20,188.52",110.605873,1486.5,"2,386.13",98.07
Adj Close,2020-03-13,"23,185.62",133.201813,1516.7,"2,711.02",98.75
Adj Close,2020-03-12,"21,200.62",112.347122,1590.3,"2,480.64",97.47
Adj Close,2020-03-11,"23,553.22",194.86853,1642.3,"2,741.38",96.51
Adj Close,2020-03-10,"25,018.16",200.767242,1659.1,"2,882.23",96.41
Adj Close,2020-03-09,"23,851.02",201.986328,1675.7,"2,746.56",94.89
Adj Close,2020-03-06,"25,864.78",243.525299,1672.4,"2,972.37",95.95
Adj Close,2020-03-05,"26,121.28",229.268188,1666.4,"3,023.94",96.82
Adj Close,2020-03-04,"27,090.86",224.517975,1643.0,"3,130.12",97.34
Adj Close,2020-03-03,"25,917.41",224.47963,1642.1,"3,003.37",97.15
Adj Close,2020-03-02,"26,703.32",230.569778,1592.3,"3,090.23",97.36
Adj Close,2020-02-28,"25,409.36",226.760498,1564.1,"2,954.22",98.13
Adj Close,2020-02-27,"25,766.64",226.753387,1642.5,"2,978.76",98.51
Adj Close,2020-02-26,"26,957.59",225.680267,1643.1,"3,116.39",99.0
Adj Close,2020-02-25,"27,081.36",247.817596,1650.0,"3,128.21",98.97
Adj Close,2020-02-24,"27,960.80",265.216431,1676.6,"3,225.89",99.36
Adj Close,2020-02-21,"28,992.41",265.600616,1644.6,"3,337.75",99.26
Adj Close,2020-02-20,"29,219.98",257.949463,1620.5,"3,373.23",99.86
Adj Close,2020-02-19,"29,348.03",259.763977,1611.8,"3,386.15",99.71
Adj Close,2020-02-18,"29,232.19",281.94458,1600.0,"3,370.29",99.44
Adj Close,2020-02-14,"29,398.08",284.217499,1582.7,"3,380.16",99.12
Adj Close,2020-02-13,"29,423.31",268.099243,1578.8,"3,373.94",99.07
Adj Close,2020-02-12,"29,551.42",265.406128,1571.6,"3,379.45",99.05
Adj Close,2020-02-11,"29,276.34",235.851196,1565.6,"3,357.75",98.72
Adj Close,2020-02-10,"29,276.82",223.522705,1579.5,"3,352.09",98.83
Adj Close,2020-02-07,"29,102.51",222.726059,1568.6,"3,327.71",98.68
Adj Close,2020-02-06,"29,379.77",212.339081,1570.0,"3,345.78",98.5
Adj Close,2020-02-05,"29,290.85",204.23024,1562.8,"3,334.69",98.3
Adj Close,2020-02-04,"28,807.63",189.250595,1555.5,"3,297.59",97.96
Adj Close,2020-02-03,"28,399.81",189.865067,1582.4,"3,248.92",97.8
Adj Close,2020-01-31,"28,256.03",180.160172,1582.9,"3,225.52",97.39
Adj Close,2020-01-30,"28,859.44",184.690475,1589.2,"3,283.66",97.87
Adj Close,2020-01-29,"28,734.45",175.050339,1576.0,"3,273.40",97.99
Adj Close,2020-01-28,"28,722.85",176.370316,1575.8,"3,276.24",98.02
Adj Close,2020-01-27,"28,535.80",170.930893,1583.7,"3,243.63",97.96
Adj Close,2020-01-24,"28,989.73",163.051178,1571.1,"3,295.47",97.85
Adj Close,2020-01-23,"29,160.09",162.928558,1571.6,"3,325.54",97.69
Adj Close,2020-01-22,"29,186.27",168.294159,1556.7,"3,321.75",97.53
Adj Close,2020-01-21,"29,196.04",169.697159,1556.4,"3,320.79",97.53
Adj Close,2020-01-17,"29,348.10",170.779953,1558.8,"3,329.62",97.64
Adj Close,2020-01-16,"29,297.64",164.391006,1550.5,"3,316.81",97.32
Adj Close,2020-01-15,"29,030.22",166.230682,1554.0,"3,289.29",97.23
Adj Close,2020-01-14,"28,939.67",165.955353,1544.6,"3,283.15",97.37
Adj Close,2020-01-13,"28,907.05",144.226593,1550.6,"3,288.13",97.34
Adj Close,2020-01-10,"28,823.77",143.963776,1557.5,"3,265.35",97.36
Adj Close,2020-01-09,"28,956.90",138.979202,1554.3,"3,274.70",97.45
Adj Close,2020-01-08,"28,745.09",141.258133,1560.2,"3,253.05",97.3
Adj Close,2020-01-07,"28,583.68",143.543991,1574.3,"3,237.18",97.0
Adj Close,2020-01-06,"28,703.38",144.304153,1568.8,"3,246.28",96.67
Adj Close,2020-01-03,"28,634.88",134.171707,1549.2,"3,234.85",96.84
Adj Close,2020-01-02,"28,868.80",127.410179,1528.1,"3,257.85",96.85
Adj Close,2019-12-31,"28,538.44",129.610855,1519.5,"3,230.78",96.39
Adj Close,2019-12-30,"28,462.14",132.633484,1518.6,"3,221.29",96.74
Adj Close,2019-12-27,"28,645.26",127.214607,1518.1,"3,240.02",96.92
Adj Close,2019-12-26,"28,621.39",126.361221,1514.4,"3,239.91",97.53
Adj Close,2019-12-24,"28,515.45",129.063889,1499.1,"3,223.38",97.65
Adj Close,2019-12-23,"28,551.53",128.61409,1488.7,"3,224.01",97.66
Adj Close,2019-12-20,"28,455.09",129.066055,1474.7,"3,221.22",97.69
Adj Close,2019-12-19,"28,376.96",129.321136,1478.2,"3,205.37",97.38
Adj Close,2019-12-18,"28,239.28",133.092194,1478.7,"3,191.14",97.4
Adj Close,2019-12-17,"28,267.16",122.603889,1480.6,"3,192.52",97.22
Adj Close,2019-12-16,"28,235.89",133.614029,1480.5,"3,191.45",97.02
Adj Close,2019-12-13,"28,135.38",144.944748,1475.6,"3,168.80",97.17
Adj Close,2019-12-12,"28,132.05",145.604004,1472.3,"3,168.57",97.4
Adj Close,2019-12-11,"27,911.30",143.608002,1475.0,"3,141.63",97.08
Adj Close,2019-12-10,"27,881.72",146.267044,1462.6,"3,132.52",97.41
Adj Close,2019-12-09,"27,909.60",148.225174,1464.9,"3,135.96",97.64
Adj Close,2019-12-06,"28,015.06",149.194443,1459.1,"3,145.91",97.7
Adj Close,2019-12-05,"27,677.79",149.248993,1483.1,"3,117.43",97.41
Adj Close,2019-12-04,"27,649.78",146.747742,1480.2,"3,112.76",97.65
Adj Close,2019-12-03,"27,502.81",147.956421,1478.2,"3,093.20",97.74
Adj Close,2019-12-02,"27,783.04",149.059158,1469.2,"3,113.87",97.86
Adj Close,2019-11-29,"28,051.41",155.304153,1472.7,"3,140.98",98.27
Adj Close,2019-11-27,"28,164.00",153.010559,1453.4,"3,153.63",98.37
Adj Close,2019-11-26,"28,121.68",148.965073,1467.4,"3,140.52",98.25
Adj Close,2019-11-25,"28,066.47",146.476532,1463.8,"3,133.64",98.32
Adj Close,2019-11-22,"27,875.62",150.268173,1468.8,"3,110.29",98.27
Adj Close,2019-11-21,"27,766.29",161.462723,1470.5,"3,103.54",97.99
Adj Close,2019-11-20,"27,821.09",175.698349,1470.0,"3,108.46",97.93
Adj Close,2019-11-19,"27,934.02",177.455551,1473.3,"3,120.18",97.86
Adj Close,2019-11-18,"28,036.22",180.559601,1471.9,"3,122.03",97.79
Adj Close,2019-11-15,"28,004.89",180.521179,1467.3,"3,120.46",98.0
Adj Close,2019-11-14,"27,781.96",185.999634,1473.4,"3,096.63",98.16
Adj Close,2019-11-13,"27,783.59",188.258743,1463.3,"3,094.04",98.37
Adj Close,2019-11-12,"27,691.49",186.843414,1452.1,"3,091.84",98.31
Adj Close,2019-11-11,"27,691.49",185.489639,1457.1,"3,087.01",98.2
Adj Close,2019-11-08,"27,681.24",184.211472,1461.3,"3,093.08",98.35
Adj Close,2019-11-07,"27,674.80",187.976547,1464.2,"3,085.18",98.14
Adj Close,2019-11-06,"27,492.56",191.593842,1493.1,"3,076.78",97.95
Adj Close,2019-11-05,"27,492.63",189.304169,1483.7,"3,074.62",97.98
Adj Close,2019-11-04,"27,462.11",186.355194,1511.1,"3,078.27",97.5
Adj Close,2019-11-01,"27,347.36",183.969894,1508.0,"3,066.91",97.24
Adj Close,2019-10-31,"27,046.23",183.966919,1514.8,"3,037.56",97.35
Adj Close,2019-10-30,"27,186.69",184.692169,1493.2,"3,046.77",97.65
Adj Close,2019-10-29,"27,071.42",190.342575,1490.7,"3,036.89",97.69
Adj Close,2019-10-28,"27,090.72",182.662811,1495.8,"3,039.42",97.76
Adj Close,2019-10-25,"26,958.06",181.523209,1499.5,"3,022.55",97.83
Adj Close,2019-10-24,"26,805.53",162.168549,1504.7,"3,010.29",97.63
Adj Close,2019-10-23,"26,833.95",162.402786,1495.7,"3,004.52",97.49
Adj Close,2019-10-22,"26,788.10",172.300858,1487.5,"2,995.99",97.53
Adj Close,2019-10-21,"26,827.64",174.92099,1488.1,"3,006.72",97.33
Adj Close,2019-10-18,"26,770.20",173.621338,1488.2,"2,986.20",97.28
Adj Close,2019-10-17,"27,025.88",178.028351,1498.3,"2,997.95",97.61
Adj Close,2019-10-16,"27,001.98",176.013504,1494.0,"2,989.69",98.0
Adj Close,2019-10-15,"27,024.80",181.406067,1483.5,"2,995.68",98.29
Adj Close,2019-10-14,"26,787.36",186.960907,1497.6,"2,966.15",98.45
Adj Close,2019-10-11,"26,816.59",182.569687,1488.7,"2,970.27",98.3
Adj Close,2019-10-10,"26,496.67",191.659668,1500.9,"2,938.13",98.7
Adj Close,2019-10-09,"26,346.01",193.293259,1512.8,"2,919.40",99.12
Adj Close,2019-10-08,"26,164.04",182.021561,1497.2,"2,893.06",99.13
Adj Close,2019-10-07,"26,478.02",181.18634,1504.4,"2,938.79",98.97
Adj Close,2019-10-04,"26,573.72",176.985001,1506.2,"2,952.01",98.81
Adj Close,2019-10-03,"26,201.04",175.199341,1513.8,"2,910.63",98.86
Adj Close,2019-10-02,"26,078.62",180.71051,1501.0,"2,887.61",99.02
Adj Close,2019-10-01,"26,573.04",177.340424,1489.0,"2,940.25",99.13
Adj Close,2019-09-30,"26,916.83",179.872208,1472.9,"2,976.74",99.38
Adj Close,2019-09-27,"26,820.25",174.710999,1506.4,"2,961.79",99.11
Adj Close,2019-09-26,"26,891.12",166.727127,1515.2,"2,977.62",99.13
Adj Close,2019-09-25,"26,970.71",170.8927,1512.3,"2,984.87",99.04
Adj Close,2019-09-24,"26,807.77",168.110733,1532.1,"2,966.60",98.34
Adj Close,2019-09-23,"26,949.99",201.92131,1531.5,"2,991.78",98.6
Adj Close,2019-09-20,"26,935.07",218.050049,1507.3,"2,992.07",98.51
Adj Close,2019-09-19,"27,094.79",221.280853,1506.2,"3,006.79",98.27
Adj Close,2019-09-18,"27,147.08",211.393036,1515.8,"3,006.73",98.56
Adj Close,2019-09-17,"27,110.80",208.608749,1513.4,"3,005.70",98.26
Adj Close,2019-09-16,"27,076.82",197.113174,1503.1,"2,997.96",98.61
Adj Close,2019-09-13,"27,219.52",181.109726,1490.9,"3,007.39",98.26
Adj Close,2019-09-12,"27,182.45",181.016098,1507.4,"3,009.57",98.31
Adj Close,2019-09-11,"27,137.04",178.725494,1503.2,"3,000.93",98.64
Adj Close,2019-09-10,"26,909.43",179.78717,1499.2,"2,979.39",98.33
Adj Close,2019-09-09,"26,835.51",181.14946,1511.1,"2,978.43",98.28
Adj Close,2019-09-06,"26,797.46",169.956177,1506.2,"2,978.71",98.39
Adj Close,2019-09-05,"26,728.15",174.217133,1525.5,"2,976.00",98.41
Adj Close,2019-09-04,"26,355.47",175.992889,1560.4,"2,937.78",98.45
Adj Close,2019-09-03,"26,118.02",179.499329,1555.9,"2,906.27",99.0
Adj Close,2019-08-30,"26,403.28",168.834869,1529.2,"2,926.46",98.92
Adj Close,2019-08-29,"26,362.25",169.516739,1536.9,"2,924.58",98.51
Adj Close,2019-08-28,"26,036.10",173.889969,1549.1,"2,887.94",98.21
Adj Close,2019-08-27,"25,777.90",187.516663,1551.8,"2,869.16",98.0
Adj Close,2019-08-26,"25,898.83",188.929382,1537.2,"2,878.38",98.08
Adj Close,2019-08-23,"25,628.90",194.706207,1537.6,"2,847.11",97.64
Adj Close,2019-08-22,"26,252.24",191.332916,1497.3,"2,922.95",98.17
Adj Close,2019-08-21,"26,202.73",186.891632,1515.7,"2,924.43",98.3
Adj Close,2019-08-20,"25,962.44",196.565414,1515.7,"2,900.51",98.19
Adj Close,2019-08-19,"26,135.79",203.091934,1511.6,"2,923.65",98.35
Adj Close,2019-08-16,"25,886.01",185.440079,1523.6,"2,888.68",98.14
Adj Close,2019-08-15,"25,579.39",188.50206,1531.2,"2,847.60",98.14
Adj Close,2019-08-14,"25,479.42",186.607742,1527.8,"2,840.60",97.99
Adj Close,2019-08-13,"26,279.91",208.709045,1514.1,"2,926.32",97.81
Adj Close,2019-08-12,"25,907.37",211.288071,1517.2,"2,883.75",97.38
Adj Close,2019-08-09,"26,287.44",210.488907,1508.5,"2,918.65",97.49
Adj Close,2019-08-08,"26,378.19",220.941864,1509.5,"2,938.09",97.62
Adj Close,2019-08-07,"26,007.07",226.391006,1507.3,"2,883.98",97.54
Adj Close,2019-08-06,"26,029.52",226.020645,1484.2,"2,881.77",97.63
Adj Close,2019-08-05,"25,717.74",234.215027,1464.6,"2,844.74",97.52
Adj Close,2019-08-02,"26,485.01",217.871567,1457.5,"2,932.05",98.07
Adj Close,2019-08-01,"26,583.42",217.808441,1432.4,"2,953.56",98.37
Adj Close,2019-07-31,"26,864.27",218.654144,1437.8,"2,980.38",98.52
Adj Close,2019-07-30,"27,198.02",210.522598,1441.8,"3,013.18",98.05
Adj Close,2019-07-29,"27,221.35",211.268051,1433.3,"3,020.97",98.04
Adj Close,2019-07-26,"27,192.45",219.629608,1432.2,"3,025.86",98.01
Adj Close,2019-07-25,"27,140.98",219.617996,1427.5,"3,003.67",97.82
Adj Close,2019-07-24,"27,269.97",217.046371,1436.5,"3,019.56",97.73
Adj Close,2019-07-23,"27,349.19",212.728516,1421.7,"3,005.47",97.7
Adj Close,2019-07-22,"27,171.90",217.560013,1426.9,"2,985.03",97.26
Adj Close,2019-07-19,"27,154.20",221.33342,1426.7,"2,976.61",97.15
Adj Close,2019-07-18,"27,222.97",226.566162,1428.1,"2,995.11",96.79
Adj Close,2019-07-17,"27,219.85",211.48497,1421.3,"2,984.42",97.22
Adj Close,2019-07-16,"27,335.63",199.188675,1411.2,"3,004.04",97.39
Adj Close,2019-07-15,"27,359.16",229.776001,1413.5,"3,014.30",96.93
Adj Close,2019-07-12,"27,332.03",276.276703,1412.2,"3,013.77",96.81
Adj Close,2019-07-11,"27,088.08",268.704041,1406.7,"2,999.91",97.05
Adj Close,2019-07-10,"26,860.20",290.002319,1412.5,"2,993.07",97.1
Adj Close,2019-07-09,"26,783.49",308.881012,1400.5,"2,979.63",97.49
Adj Close,2019-07-08,"26,806.14",313.251404,1400.0,"2,975.95",97.38
Adj Close,2019-07-05,"26,922.12",287.997528,1400.1,"2,990.41",97.29
Adj Close,2019-07-03,"26,966.00",303.099976,1420.9,"2,995.82",96.77
Adj Close,2019-07-02,"26,786.68",291.596436,1408.0,"2,973.01",96.73
Adj Close,2019-07-01,"26,717.43",293.641113,1385.6,"2,964.33",96.84
Adj Close,2019-06-28,"26,599.96",311.226105,1409.7,"2,941.76",96.13
Adj Close,2019-06-27,"26,526.58",294.267639,1412.0,"2,924.92",96.19
Adj Close,2019-06-26,"26,536.82",336.753174,1411.6,"2,913.78",96.21
Adj Close,2019-06-25,"26,548.22",318.126312,1418.7,"2,917.38",96.14
Adj Close,2019-06-24,"26,727.54",310.424683,1418.2,"2,945.35",95.98
Adj Close,2019-06-21,"26,719.13",294.910278,1400.1,"2,950.46",96.22
Adj Close,2019-06-20,"26,753.17",271.695007,1396.9,"2,954.18",96.63
Adj Close,2019-06-19,"26,504.00",269.431793,1348.8,"2,926.46",97.12
Adj Close,2019-06-18,"26,465.54",265.051849,1350.7,"2,917.75",97.64
Adj Close,2019-06-17,"26,112.53",274.351105,1342.9,"2,889.67",97.56
Adj Close,2019-06-14,"26,089.61",264.087463,1344.5,"2,886.98",97.57
Adj Close,2019-06-13,"26,106.77",256.168793,1343.7,"2,891.64",97.01
Adj Close,2019-06-12,"26,004.83",260.90329,1336.8,"2,879.84",97.0
Adj Close,2019-06-11,"26,048.51",245.78183,1331.2,"2,885.72",96.69
Adj Close,2019-06-10,"26,062.68",247.520126,1329.3,"2,886.73",96.76
Adj Close,2019-06-07,"25,983.94",250.930359,1346.1,"2,873.34",96.54
Adj Close,2019-06-06,"25,720.66",249.474335,1342.7,"2,843.49",97.04
Adj Close,2019-06-05,"25,539.57",247.05101,1333.6,"2,826.15",97.32
Adj Close,2019-06-04,"25,332.18",241.338791,1323.4,"2,803.27",97.07
Adj Close,2019-06-03,"24,819.78",252.607925,1327.9,"2,744.45",97.14
Adj Close,2019-05-31,"24,815.04",268.113556,1311.1,"2,752.06",97.75
Adj Close,2019-05-30,"25,169.88",255.858948,1287.1,"2,788.86",98.14
Adj Close,2019-05-29,"25,126.41",269.455688,1286.3,"2,783.02",98.14
Adj Close,2019-05-28,"25,347.77",271.768707,1282.5,"2,802.39",97.95
Adj Close,2019-05-24,"25,585.69",249.484985,1289.2,"2,826.06",97.61
Adj Close,2019-05-23,"25,490.47",245.965668,1291.0,"2,822.24",97.86
Adj Close,2019-05-22,"25,776.61",244.698914,1274.2,"2,856.27",98.04
Adj Close,2019-05-21,"25,877.33",255.215881,1273.2,"2,864.36",98.06
Adj Close,2019-05-20,"25,679.90",251.86441,1277.3,"2,840.23",97.93
Adj Close,2019-05-17,"25,764.00",243.764587,1275.7,"2,859.53",98.0
Adj Close,2019-05-16,"25,862.68",264.01001,1286.2,"2,876.32",97.86
Adj Close,2019-05-15,"25,648.02",247.153061,1297.8,"2,850.96",97.57
Adj Close,2019-05-14,"25,532.05",217.148575,1296.3,"2,834.41",97.53
Adj Close,2019-05-13,"25,324.99",196.846283,1301.8,"2,811.87",97.32
Adj Close,2019-05-10,"25,942.37",173.142746,1287.4,"2,881.40",97.33
Adj Close,2019-05-09,"25,828.36",170.289307,1285.2,"2,870.72",97.37
Adj Close,2019-05-08,"25,967.33",170.948166,1281.4,"2,879.42",97.62
Adj Close,2019-05-07,"25,965.09",169.79866,1285.6,"2,884.05",97.63
Adj Close,2019-05-06,"26,438.48",172.653214,1283.8,"2,932.47",97.52
Adj Close,2019-05-03,"26,504.95",167.952408,1281.3,"2,945.64",97.52
Adj Close,2019-05-02,"26,307.79",162.122787,1272.0,"2,917.52",97.83
Adj Close,2019-05-01,"26,430.14",160.818344,1284.2,"2,923.73",97.69
Adj Close,2019-04-30,"26,592.91",162.166031,1282.8,"2,945.83",97.48
Adj Close,2019-04-29,"26,554.39",155.201996,1281.5,"2,943.03",97.86
Adj Close,2019-04-26,"26,543.33",156.347092,1288.8,"2,939.88",98.01
Adj Close,2019-04-25,"26,462.08",154.459396,1279.7,"2,926.17",98.2
Adj Close,2019-04-24,"26,597.05",165.826096,1279.4,"2,927.25",98.17
Adj Close,2019-04-23,"26,656.39",171.4478,1273.2,"2,933.68",97.64
Adj Close,2019-04-22,"26,511.05",171.874664,1277.6,"2,907.97",97.29
Adj Close,2019-04-18,"26,559.54",173.814026,1276.0,"2,905.03",97.47
Adj Close,2019-04-17,"26,449.54",166.95076,1276.8,"2,900.45",97.01
Adj Close,2019-04-16,"26,452.66",167.623444,1277.2,"2,907.06",97.04
Adj Close,2019-04-15,"26,384.77",161.574173,1291.3,"2,905.58",96.94
Adj Close,2019-04-12,"26,412.30",164.736328,1295.2,"2,907.41",96.97
Adj Close,2019-04-11,"26,143.05",165.497025,1293.3,"2,888.32",97.18
Adj Close,2019-04-10,"26,157.16",177.337479,1313.9,"2,888.21",96.95
Adj Close,2019-04-09,"26,150.58",176.114578,1308.3,"2,878.20",97.01
Adj Close,2019-04-08,"26,341.02",180.25882,1297.1,"2,895.77",97.05
Adj Close,2019-04-05,"26,424.99",165.514847,1295.6,"2,892.74",97.39
Adj Close,2019-04-04,"26,384.63",158.052536,1294.3,"2,879.39",97.31
Adj Close,2019-04-03,"26,218.13",161.458801,1295.3,"2,873.40",97.09
Adj Close,2019-04-02,"26,179.13",163.961746,1295.4,"2,867.24",97.36
Adj Close,2019-04-01,"26,258.42",141.830322,1294.2,"2,867.19",97.23
Adj Close,2019-03-29,"25,928.68",142.497421,1298.5,"2,834.40",97.28
Adj Close,2019-03-28,"25,717.46",139.416473,1295.3,"2,815.44",97.2
Adj Close,2019-03-27,"25,625.59",140.988159,1316.9,"2,805.37",96.77
Adj Close,2019-03-26,"25,657.73",135.460358,1321.4,"2,818.46",96.74
Adj Close,2019-03-25,"25,516.83",135.031021,1329.0,"2,798.36",96.57
Adj Close,2019-03-22,"25,502.32",137.181442,1318.7,"2,800.71",96.65
Adj Close,2019-03-21,"25,962.51",136.636063,1313.6,"2,854.88",96.5
Adj Close,2019-03-20,"25,745.67",140.686356,1300.5,"2,824.23",95.76
Adj Close,2019-03-19,"25,887.38",140.519196,1306.5,"2,832.57",96.38
Adj Close,2019-03-18,"25,914.10",139.374603,1301.5,"2,832.94",96.52
Adj Close,2019-03-15,"25,848.87",137.691788,1302.9,"2,822.48",96.59
Adj Close,2019-03-14,"25,709.94",133.711594,1293.4,"2,808.48",96.78
Adj Close,2019-03-13,"25,702.89",133.263077,1309.3,"2,810.92",96.55
Adj Close,2019-03-12,"25,554.66",134.442886,1296.3,"2,791.52",96.94
Adj Close,2019-03-11,"25,650.88",133.83403,1291.1,"2,783.30",97.22
Adj Close,2019-03-08,"25,450.24",135.127075,1299.3,"2,743.07",97.31
Adj Close,2019-03-07,"25,473.23",138.0345,1286.1,"2,748.93",97.67
Adj Close,2019-03-06,"25,673.46",138.789352,1287.6,"2,771.45",96.87
Adj Close,2019-03-05,"25,806.63",137.822388,1284.7,"2,789.65",96.87
Adj Close,2019-03-04,"25,819.65",127.774124,1287.5,"2,792.81",96.68
Adj Close,2019-03-01,"26,026.32",136.443619,1299.2,"2,803.69",96.53
Adj Close,2019-02-28,"25,916.00",136.746246,1316.1,"2,784.49",96.16
Adj Close,2019-02-27,"25,985.16",136.125961,1317.7,"2,792.38",96.15
Adj Close,2019-02-26,"26,057.98",138.089676,1328.5,"2,793.90",96.0
Adj Close,2019-02-25,"26,091.95",139.822861,1329.5,"2,796.11",96.41
Adj Close,2019-02-22,"26,031.81",149.092453,1332.8,"2,792.67",96.51
Adj Close,2019-02-21,"25,850.63",146.130844,1327.8,"2,774.88",96.61
Adj Close,2019-02-20,"25,954.44",149.554337,1347.9,"2,784.70",96.45
Adj Close,2019-02-19,"25,891.32",145.346191,1344.8,"2,779.76",96.52
Adj Close,2019-02-15,"25,883.25",122.100388,1322.1,"2,775.60",96.9
Adj Close,2019-02-14,"25,439.39",121.390205,1313.9,"2,745.73",96.98
Adj Close,2019-02-13,"25,543.27",122.553604,1310.8,"2,753.03",97.13
Adj Close,2019-02-12,"25,425.76",122.572289,1314.0,"2,744.73",96.71
Adj Close,2019-02-11,"25,053.11",121.298393,1307.0,"2,709.80",97.06
Adj Close,2019-02-08,"25,106.33",119.267746,1318.5,"2,707.88",96.64
Adj Close,2019-02-07,"25,169.53",104.535301,1314.2,"2,706.05",96.51
Adj Close,2019-02-06,"25,390.30",104.919289,1314.4,"2,731.61",96.39
Adj Close,2019-02-05,"25,411.52",107.44352,1319.2,"2,737.70",96.07
Adj Close,2019-02-04,"25,239.37",107.821602,1319.3,"2,724.87",95.85
Adj Close,2019-02-01,"25,063.89",107.609787,1322.1,"2,706.53",95.58
Adj Close,2019-01-31,"24,999.67",107.061012,1325.2,"2,704.10",95.58
Adj Close,2019-01-30,"25,014.86",108.907539,1315.5,"2,681.05",95.34
Adj Close,2019-01-29,"24,579.96",105.598213,1315.2,"2,640.00",95.82
Adj Close,2019-01-28,"24,528.22",106.589973,1309.3,"2,643.85",95.75
Adj Close,2019-01-25,"24,737.20",116.378342,1304.2,"2,664.76",95.79
Adj Close,2019-01-24,"24,553.24",117.362885,1285.9,"2,642.33",96.6
Adj Close,2019-01-23,"24,575.62",117.452606,1290.2,"2,638.70",96.12
Adj Close,2019-01-22,"24,404.48",118.747551,1283.4,"2,632.90",96.3
Adj Close,2019-01-18,"24,706.35",121.010262,1282.6,"2,670.71",96.34
Adj Close,2019-01-17,"24,370.10",123.74192,1292.3,"2,635.96",96.06
Adj Close,2019-01-16,"24,207.16",123.547066,1293.8,"2,616.10",96.06
Adj Close,2019-01-15,"24,065.59",122.032715,1288.4,"2,610.30",96.04
Adj Close,2019-01-14,"23,909.84",129.068726,1289.1,"2,582.61",95.61
Adj Close,2019-01-11,"23,995.95",127.548325,1289.5,"2,596.26",95.67
Adj Close,2019-01-10,"24,001.92",128.625183,1287.4,"2,596.64",95.54
Adj Close,2019-01-09,"23,879.12",150.803116,1292.0,"2,584.96",95.22
Adj Close,2019-01-08,"23,787.45",150.359634,1285.9,"2,574.41",95.9
Adj Close,2019-01-07,"23,531.35",151.699219,1289.9,"2,549.69",95.67
Adj Close,2019-01-04,"23,433.16",154.58194,1285.8,"2,531.94",96.18
Adj Close,2019-01-03,"22,686.22",149.13501,1294.8,"2,447.89",96.31
Adj Close,2019-01-02,"23,346.24",155.047684,1284.1,"2,510.03",96.82
Adj Close,2018-12-31,"23,327.46",133.368256,1281.3,"2,506.85",96.17
Adj Close,2018-12-28,"23,062.40",137.647018,1283.0,"2,485.74",96.4
Adj Close,2018-12-27,"23,138.82",116.575912,1281.1,"2,488.83",96.48
Adj Close,2018-12-26,"22,878.45",131.865631,1273.0,"2,467.70",97.05
Adj Close,2018-12-24,"21,792.20",140.238007,1271.8,"2,351.10",96.55
Adj Close,2018-12-21,"22,445.37",109.496231,1258.1,"2,416.62",96.96
Adj Close,2018-12-20,"22,859.60",116.216873,1267.9,"2,467.42",96.28
Adj Close,2018-12-19,"23,323.66",101.268578,1256.4,"2,506.96",97.03
Adj Close,2018-12-18,"23,675.64",101.112457,1253.6,"2,546.16",97.1
Adj Close,2018-12-17,"23,592.98",95.133827,1251.8,"2,545.94",97.1
Adj Close,2018-12-14,"24,100.51",84.308296,1241.4,"2,599.95",97.44
Adj Close,2018-12-13,"24,597.38",86.539314,1247.4,"2,650.54",97.06
Adj Close,2018-12-12,"24,527.27",90.5933,1250.0,"2,651.07",97.04
Adj Close,2018-12-11,"24,370.24",88.945305,1247.2,"2,636.78",97.39
Adj Close,2018-12-10,"24,423.26",91.685654,1249.4,"2,637.72",97.22
Adj Close,2018-12-07,"24,388.95",93.294563,1252.6,"2,633.08",96.51
Adj Close,2018-12-06,"24,947.67",91.761055,1243.6,"2,695.95",96.81
Adj Close,2018-12-04,"25,027.07",110.214188,1246.6,"2,700.06",96.97
Adj Close,2018-12-03,"25,826.43",108.925018,1239.6,"2,790.37",97.04
Adj Close,2018-11-30,"25,538.46",113.171417,1226.0,"2,760.17",97.27
Adj Close,2018-11-29,"25,338.84",117.542648,1230.4,"2,737.76",96.78
Adj Close,2018-11-28,"25,366.43",122.438004,1229.8,"2,743.79",96.79
Adj Close,2018-11-27,"24,748.73",110.010002,1219.9,"2,682.17",97.37
Adj Close,2018-11-26,"24,640.24",108.334999,1228.7,"2,673.45",97.07
Adj Close,2018-11-23,"24,285.95",123.295998,1223.2,"2,632.56",96.92
Adj Close,2018-11-21,"24,464.69",136.701004,1225.8,"2,649.93",96.71
Adj Close,2018-11-20,"24,465.64",130.339005,1221.2,"2,641.89",96.84
Adj Close,2018-11-19,"25,017.44",149.175003,1225.3,"2,690.73",96.19
Adj Close,2018-11-16,"25,413.22",175.177002,1223.0,"2,736.27",96.47
Adj Close,2018-11-15,"25,289.27",180.806,1215.0,"2,730.20",96.93
Adj Close,2018-11-14,"25,080.50",181.397003,1210.1,"2,701.58",96.8
Adj Close,2018-11-13,"25,286.49",206.826004,1199.2,"2,722.18",97.3
Adj Close,2018-11-12,"25,387.18",210.417999,1201.3,"2,726.22",97.54
Adj Close,2018-11-09,"25,989.30",210.074005,1208.6,"2,781.01",96.91
Adj Close,2018-11-08,"26,191.22",212.231003,1225.1,"2,806.83",96.72
Adj Close,2018-11-07,"26,180.30",217.182999,1228.7,"2,813.89",96.0
Adj Close,2018-11-06,"25,635.01",218.451996,1226.3,"2,755.45",96.32
Adj Close,2018-11-05,"25,461.70",209.091003,1232.3,"2,738.31",96.28
Adj Close,2018-11-02,"25,270.83",200.634995,1233.3,"2,723.06",96.54
Adj Close,2018-11-01,"25,380.74",198.871994,1238.6,"2,740.37",96.28
Adj Close,2018-10-31,"25,115.76",197.380997,1215.0,"2,711.74",97.13
Adj Close,2018-10-30,"24,874.64",197.556,1225.3,"2,682.63",97.01
Adj Close,2018-10-29,"24,442.92",197.246994,1227.6,"2,641.25",96.58
Adj Close,2018-10-26,"24,688.31",203.328995,1235.8,"2,658.69",96.36
Adj Close,2018-10-25,"24,984.55",202.718994,1232.4,"2,705.57",96.68
Adj Close,2018-10-24,"24,583.42",203.852005,1231.1,"2,656.10",96.43
Adj Close,2018-10-23,"25,191.43",204.335999,1236.8,"2,740.69",95.96
Adj Close,2018-10-22,"25,317.41",204.044006,1224.6,"2,755.88",96.01
Adj Close,2018-10-19,"25,444.34",203.727005,1228.7,"2,767.78",95.71
Adj Close,2018-10-18,"25,379.45",203.352005,1230.1,"2,768.78",95.9
Adj Close,2018-10-17,"25,706.68",207.082993,1227.4,"2,809.21",95.58
Adj Close,2018-10-16,"25,798.42",210.119995,1231.0,"2,809.92",95.05
Adj Close,2018-10-15,"25,250.55",209.703995,1226.4,"2,750.79",95.06
Adj Close,2018-10-12,"25,339.99",196.727005,1222.0,"2,767.13",95.22
Adj Close,2018-10-11,"25,052.83",189.498993,1227.6,"2,728.37",95.02
Adj Close,2018-10-10,"25,598.74",225.768997,1193.4,"2,785.68",95.51
Adj Close,2018-10-09,"26,430.57",227.981995,1191.5,"2,880.34",95.67
Adj Close,2018-10-08,"26,486.78",229.255005,1184.4,"2,884.43",95.76
Adj Close,2018-10-05,"26,447.05",227.600998,1205.6,"2,885.57",95.62
Adj Close,2018-10-04,"26,627.48",222.218002,1201.6,"2,901.61",95.75
Adj Close,2018-10-03,"26,828.39",220.488998,1202.9,"2,925.51",95.76
Adj Close,2018-10-02,"26,773.94",227.181,1207.0,"2,923.43",95.51
Adj Close,2018-10-01,"26,651.21",230.768005,1191.7,"2,924.59",95.3
Adj Close,2018-09-28,"26,458.31",222.401993,1196.2,"2,913.98",95.13
Adj Close,2018-09-27,"26,439.93",228.494003,1182.3,"2,914.00",94.89
Adj Close,2018-09-26,"26,385.28",215.847,1199.1,"2,905.97",94.19
Adj Close,2018-09-25,"26,492.21",218.505005,1205.1,"2,915.56",94.13
Adj Close,2018-09-24,"26,562.05",228.729996,1204.4,"2,919.37",94.19
Adj Close,2018-09-21,"26,743.50",246.584,1201.3,"2,929.67",94.22
Adj Close,2018-09-20,"26,656.98",224.591003,1211.3,"2,930.75",93.91
Adj Close,2018-09-19,"26,405.76",209.968994,1202.2,"2,907.95",94.54
Adj Close,2018-09-18,"26,246.96",209.975006,1202.9,"2,904.31",94.64
Adj Close,2018-09-17,"26,062.12",197.875,1205.8,"2,888.80",94.5
Adj Close,2018-09-14,"26,154.67",211.748993,1201.1,"2,904.98",94.93
Adj Close,2018-09-13,"26,145.99",211.354004,1208.2,"2,904.18",94.52
Adj Close,2018-09-12,"25,998.92",183.330994,1210.9,"2,888.92",94.8
Adj Close,2018-09-11,"25,971.06",185.065994,1202.2,"2,887.89",95.25
Adj Close,2018-09-10,"25,857.07",197.078995,1199.8,"2,877.13",95.15
Adj Close,2018-09-07,"25,916.54",217.203003,1200.4,"2,871.68",95.36
Adj Close,2018-09-06,"25,995.87",230.214996,1204.3,"2,878.05",95.02
Adj Close,2018-09-05,"25,974.99",232.330994,1201.3,"2,888.60",95.18
Adj Close,2018-09-04,"25,952.48",285.722992,1199.1,"2,896.72",95.44
Adj Close,2018-08-31,"25,964.82",283.003998,1206.7,"2,901.52",95.14
Adj Close,2018-08-30,"25,986.92",284.105011,1205.0,"2,901.13",94.72
Adj Close,2018-08-29,"26,124.57",289.312012,1211.5,"2,914.04",94.6
Adj Close,2018-08-28,"26,064.02",296.498993,1207.4,"2,897.52",94.72
Adj Close,2018-08-27,"26,049.64",285.602997,1216.0,"2,896.74",94.78
Adj Close,2018-08-24,"25,790.35",282.96701,1213.3,"2,874.69",95.15
Adj Close,2018-08-23,"25,656.98",277.104004,1194.0,"2,856.98",95.67
Adj Close,2018-08-22,"25,733.60",271.341003,1203.3,"2,861.82",95.15
Adj Close,2018-08-21,"25,822.29",281.944,1200.0,"2,862.96",95.26
Adj Close,2018-08-20,"25,758.69",274.315002,1194.6,"2,857.05",95.9
Adj Close,2018-08-17,"25,669.32",315.729004,1184.2,"2,850.13",96.1
Adj Close,2018-08-16,"25,558.73",288.04599,1184.0,"2,840.69",96.64
Adj Close,2018-08-15,"25,162.41",282.364014,1185.0,"2,818.37",96.7
Adj Close,2018-08-14,"25,299.92",278.932007,1193.0,"2,839.96",96.73
Adj Close,2018-08-13,"25,187.70",286.494995,1198.9,"2,821.93",96.39
Adj Close,2018-08-10,"25,313.14",334.175995,1219.0,"2,833.28",96.36
Adj Close,2018-08-09,"25,509.23",365.588013,1219.9,"2,853.58",95.5
Adj Close,2018-08-08,"25,583.75",356.613007,1221.0,"2,857.70",95.05
Adj Close,2018-08-07,"25,628.91",380.214996,1218.3,"2,858.45",95.22
Adj Close,2018-08-06,"25,502.18",406.65799,1208.6,"2,850.40",95.36
Adj Close,2018-08-03,"25,462.58",418.261993,1223.2,"2,840.35",95.14
Adj Close,2018-08-02,"25,326.16",412.621002,1210.6,"2,827.22",95.16
Adj Close,2018-08-01,"25,333.82",420.747009,1227.6,"2,813.36",94.62
Adj Close,2018-07-31,"25,415.19",433.867004,1233.6,"2,816.29",94.49
Adj Close,2018-07-30,"25,306.83",457.080994,1231.5,"2,802.60",94.32
Adj Close,2018-07-27,"25,451.06",469.665985,1232.7,"2,818.82",94.67
Adj Close,2018-07-26,"25,527.07",464.036987,1235.3,"2,837.44",94.75
Adj Close,2018-07-25,"25,414.10",472.493011,1241.0,"2,846.07",94.36
Adj Close,2018-07-24,"25,241.94",479.372986,1234.6,"2,820.40",94.61
Adj Close,2018-07-23,"25,044.29",450.852997,1234.4,"2,806.98",94.67
Adj Close,2018-07-20,"25,058.12",450.697998,1231.1,"2,801.83",94.45
Adj Close,2018-07-19,"25,064.50",469.618988,1224.0,"2,804.49",95.15
Adj Close,2018-07-18,"25,199.29",480.513,1227.9,"2,815.62",95.08
Adj Close,2018-07-17,"25,119.89",501.002014,1227.3,"2,809.55",94.94
Adj Close,2018-07-16,"25,064.36",480.65799,1239.7,"2,798.43",94.51
Adj Close,2018-07-13,"25,019.41",434.027008,1241.2,"2,801.31",94.75
Adj Close,2018-07-12,"24,924.89",430.074005,1246.6,"2,798.29",94.81
Adj Close,2018-07-11,"24,700.45",446.518005,1244.4,"2,774.02",94.72
Adj Close,2018-07-10,"24,919.66",434.424011,1255.4,"2,793.84",94.15
Adj Close,2018-07-09,"24,776.59",476.682007,1259.6,"2,784.17",94.08
Adj Close,2018-07-06,"24,456.48",474.011993,1255.8,"2,759.82",94.04
Adj Close,2018-07-05,"24,356.74",474.411987,1258.8,"2,736.61",94.47
Adj Close,2018-07-03,"24,174.82",464.195007,1253.5,"2,713.22",94.67
Adj Close,2018-07-02,"24,307.18",475.346985,1241.7,"2,726.71",95.03
Adj Close,2018-06-29,"24,271.41",436.009003,1254.5,"2,718.37",94.64
Adj Close,2018-06-28,"24,216.05",422.36499,1251.0,"2,716.31",95.39
Adj Close,2018-06-27,"24,117.59",442.36499,1256.1,"2,699.63",95.27
Adj Close,2018-06-26,"24,283.11",432.772003,1259.9,"2,723.06",94.66
Adj Close,2018-06-25,"24,252.80",460.309998,1268.9,"2,717.07",94.28
Adj Close,2018-06-22,"24,580.89",465.816986,1270.7,"2,754.88",94.52
Adj Close,2018-06-21,"24,461.70",527.367004,1270.5,"2,749.76",94.74
Adj Close,2018-06-20,"24,657.80",536.268005,1274.5,"2,767.32",95.06
Adj Close,2018-06-19,"24,700.21",537.95697,1278.6,"2,762.59",95.08
Adj Close,2018-06-18,"24,987.47",518.890991,1280.1,"2,773.75",94.8
Adj Close,2018-06-15,"25,090.48",491.003998,1278.5,"2,779.66",94.79
Adj Close,2018-06-14,"25,175.31",519.742004,1308.3,"2,782.49",94.77
Adj Close,2018-06-13,"25,201.20",477.493988,1301.3,"2,775.63",93.71
Adj Close,2018-06-12,"25,320.73",496.842987,1299.4,"2,786.85",93.8
Adj Close,2018-06-11,"25,322.31",533.283997,1303.2,"2,782.00",93.58
Adj Close,2018-06-08,"25,316.53",601.077026,1302.7,"2,779.03",93.55
Adj Close,2018-06-07,"25,241.41",605.187012,1303.0,"2,770.37",93.4
Adj Close,2018-06-06,"25,146.39",607.124023,1301.4,"2,772.35",93.66
Adj Close,2018-06-05,"24,799.98",609.302979,1302.2,"2,748.80",93.9
Adj Close,2018-06-04,"24,813.69",592.984985,1297.3,"2,746.87",94.02
Adj Close,2018-06-01,"24,635.21",580.04303,1299.3,"2,734.62",94.19
Adj Close,2018-05-31,"24,415.84",577.64502,1304.7,"2,705.27",93.98
Adj Close,2018-05-30,"24,667.78",559.590027,1306.5,"2,724.01",94.15
Adj Close,2018-05-29,"24,361.45",565.388,1304.1,"2,689.86",94.83
Adj Close,2018-05-25,"24,753.09",586.734009,1309.0,"2,721.33",94.19
Adj Close,2018-05-24,"24,811.76",601.755005,1309.8,"2,727.76",93.76
Adj Close,2018-05-23,"24,886.81",583.585022,1294.8,"2,733.29",94.0
Adj Close,2018-05-22,"24,834.41",647.741028,1297.4,"2,724.44",93.61
Adj Close,2018-05-21,"25,013.29",699.221985,1290.9,"2,733.01",93.68
Adj Close,2018-05-18,"24,715.09",694.367004,1291.3,"2,712.97",93.64
Adj Close,2018-05-17,"24,713.98",672.656982,1289.4,"2,720.13",93.47
Adj Close,2018-05-16,"24,768.93",707.049988,1291.5,"2,722.46",93.39
Adj Close,2018-05-15,"24,706.41",708.870972,1290.3,"2,711.45",93.22
Adj Close,2018-05-14,"24,899.41",730.549011,1318.2,"2,730.13",92.59
Adj Close,2018-05-11,"24,831.17",679.585999,1320.7,"2,727.72",92.54
Adj Close,2018-05-10,"24,739.53",727.276978,1322.3,"2,723.07",92.65
Adj Close,2018-05-09,"24,542.54",752.275024,1313.0,"2,697.79",93.04
Adj Close,2018-05-08,"24,360.21",752.856995,1313.7,"2,671.92",93.12
Adj Close,2018-05-07,"24,357.32",753.724976,1314.1,"2,672.63",92.75
Adj Close,2018-05-04,"24,262.51",785.624023,1314.7,"2,663.42",92.57
Adj Close,2018-05-03,"23,930.15",779.54303,1312.7,"2,629.73",92.41
Adj Close,2018-05-02,"23,924.98",687.148987,1305.6,"2,635.67",92.51
Adj Close,2018-05-01,"24,099.05",673.612976,1306.8,"2,654.80",92.45
Adj Close,2018-04-30,"24,163.15",669.924011,1319.2,"2,648.05",91.84
Adj Close,2018-04-27,"24,311.19",647.031982,1323.4,"2,669.91",91.54
Adj Close,2018-04-26,"24,322.34",662.809021,1317.9,"2,666.94",91.56
Adj Close,2018-04-25,"24,083.83",615.416016,1322.8,"2,639.40",91.17
Adj Close,2018-04-24,"24,024.13",708.15802,1333.0,"2,634.56",90.77
Adj Close,2018-04-23,"24,448.69",642.547974,1324.0,"2,670.29",90.95
Adj Close,2018-04-20,"24,462.94",615.718018,1338.3,"2,670.14",90.32
Adj Close,2018-04-19,"24,664.89",567.888977,1348.8,"2,693.13",89.94
Adj Close,2018-04-18,"24,748.07",524.789001,1353.5,"2,708.64",89.62
Adj Close,2018-04-17,"24,786.63",502.894012,1349.5,"2,706.39",89.52
Adj Close,2018-04-16,"24,573.04",511.147003,1350.7,"2,677.84",89.42
Adj Close,2018-04-13,"24,360.14",492.734985,1347.9,"2,656.30",89.8
Adj Close,2018-04-12,"24,483.05",492.94101,1341.9,"2,663.99",89.75
Adj Close,2018-04-11,"24,189.45",430.540009,1360.0,"2,642.19",89.57
Adj Close,2018-04-10,"24,408.00",414.243011,1345.9,"2,656.87",89.59
Adj Close,2018-04-09,"23,979.10",398.526001,1340.1,"2,613.16",89.84
Adj Close,2018-04-06,"23,932.76",370.285004,1336.1,"2,604.47",90.11
Adj Close,2018-04-05,"24,505.22",383.231995,1328.5,"2,662.84",90.46
Adj Close,2018-04-04,"24,264.30",380.542999,1340.2,"2,644.69",90.14
Adj Close,2018-04-03,"24,033.36",416.893005,1337.3,"2,614.45",90.2
Adj Close,2018-04-02,"23,644.19",386.424988,1352.9,"2,581.88",90.05
Adj Close,2018-03-29,"24,103.11",385.967987,1327.3,"2,640.87",90.15
Adj Close,2018-03-28,"23,848.42",446.278992,1330.0,"2,605.00",90.06
Adj Close,2018-03-27,"23,857.71",450.115997,1347.9,"2,612.62",89.33
Adj Close,2018-03-26,"24,202.60",489.950989,1360.9,"2,658.55",89.03
Adj Close,2018-03-23,"23,533.20",539.619019,1355.7,"2,588.26",89.48
Adj Close,2018-03-22,"23,957.89",539.702026,1333.2,"2,643.69",89.86
Adj Close,2018-03-21,"24,682.31",561.731995,1321.5,"2,711.93",89.78
Adj Close,2018-03-20,"24,727.27",557.174988,1311.9,"2,716.94",90.37
Adj Close,2018-03-19,"24,610.91",556.726013,1317.8,"2,712.92",89.77
Adj Close,2018-03-16,"24,946.51",601.666016,1312.3,"2,752.01",90.23
Adj Close,2018-03-15,"24,873.66",611.304016,1317.8,"2,747.33",90.14
Adj Close,2018-03-14,"24,758.12",614.291016,1325.6,"2,749.48",89.7
Adj Close,2018-03-13,"25,007.03",690.827026,1327.1,"2,765.31",89.66
Adj Close,2018-03-12,"25,178.61",699.830994,1320.8,"2,783.02",89.89
Adj Close,2018-03-09,"25,335.74",728.916016,1324.0,"2,786.57",90.09
Adj Close,2018-03-08,"24,895.21",704.596008,1321.7,"2,738.97",90.18
Adj Close,2018-03-07,"24,801.36",752.830994,1327.6,"2,726.80",89.64
Adj Close,2018-03-06,"24,884.12",816.950989,1335.2,"2,728.12",89.62
Adj Close,2018-03-05,"24,874.76",853.684021,1319.9,"2,720.94",90.08
Adj Close,2018-03-02,"24,538.06",856.853027,1323.4,"2,691.25",89.94
Adj Close,2018-03-01,"24,608.98",872.200012,1305.2,"2,677.67",90.32
Adj Close,2018-02-28,"25,029.20",855.198975,1317.9,"2,713.83",90.61
Adj Close,2018-02-27,"25,410.03",878.265015,1315.5,"2,744.28",90.36
Adj Close,2018-02-26,"25,709.27",869.315002,1332.8,"2,779.60",89.85
Adj Close,2018-02-23,"25,309.99",864.189026,1330.3,"2,747.30",89.88
Adj Close,2018-02-22,"24,962.48",812.844971,1332.7,"2,703.96",89.74
Adj Close,2018-02-21,"24,797.78",849.971008,1332.1,"2,701.33",90.0
Adj Close,2018-02-20,"24,964.75",895.370972,1331.2,"2,716.26",89.72
Adj Close,2018-02-16,"25,219.38",944.210022,1356.2,"2,732.22",89.1
Adj Close,2018-02-15,"25,200.37",936.976013,1355.3,"2,731.20",88.59
Adj Close,2018-02-14,"24,893.49",923.560974,1358.0,"2,698.63",89.12
Adj Close,2018-02-13,"24,640.45",845.257996,1330.4,"2,662.94",89.7
Adj Close,2018-02-12,"24,601.27",868.70697,1326.4,"2,656.00",90.21
Adj Close,2018-02-09,"24,190.90",883.86499,1315.7,"2,619.55",90.44
Adj Close,2018-02-08,"23,860.46",817.807007,1319.0,"2,581.00",90.23
Adj Close,2018-02-07,"24,893.35",757.067993,1314.6,"2,681.66",90.25
Adj Close,2018-02-06,"24,912.77",793.122009,1329.5,"2,695.14",89.58
Adj Close,2018-02-05,"24,345.75",697.950989,1336.5,"2,648.94",89.55
Adj Close,2018-02-02,"25,520.96",915.784973,1337.3,"2,762.13",89.19
Adj Close,2018-02-01,"26,186.71",1036.790039,1347.9,"2,821.98",88.67
Adj Close,2018-01-31,"26,149.39",1118.310059,1343.1,"2,823.81",89.13
Adj Close,2018-01-30,"26,076.89",1071.130005,1340.0,"2,822.43",89.16
Adj Close,2018-01-29,"26,439.48",1182.359985,1345.1,"2,853.53",89.31
Adj Close,2018-01-26,"26,616.71",1055.170044,1357.2,"2,872.87",89.07
Adj Close,2018-01-25,"26,392.79",1056.030029,1368.0,"2,839.25",89.39
Adj Close,2018-01-24,"26,252.12",1058.780029,1361.4,"2,837.54",89.21
Adj Close,2018-01-23,"26,210.81",986.229004,1336.7,"2,839.13",90.12
Adj Close,2018-01-22,"26,214.60",1003.26001,1331.9,"2,832.97",90.4
Adj Close,2018-01-19,"26,071.72",1039.099976,1333.1,"2,810.30",90.57
Adj Close,2018-01-18,"26,017.81",1036.280029,1327.2,"2,798.03",90.5
Adj Close,2018-01-17,"26,115.65",1014.25,1339.2,"2,802.56",90.54
Adj Close,2018-01-16,"25,792.86",1053.689941,1337.1,"2,776.42",90.39
Adj Close,2018-01-12,"25,803.19",1273.199951,1334.9,"2,786.24",90.97
Adj Close,2018-01-11,"25,574.73",1154.930054,1322.5,"2,767.56",91.85
Adj Close,2018-01-10,"25,369.13",1255.819946,1319.3,"2,748.23",92.33
Adj Close,2018-01-09,"25,385.80",1299.73999,1313.7,"2,751.29",92.53
Adj Close,2018-01-08,"25,283.00",1148.530029,1320.4,"2,747.71",92.36
Adj Close,2018-01-05,"25,295.87",997.719971,1322.3,"2,743.15",91.95
Adj Close,2018-01-04,"25,075.13",980.921997,1321.6,"2,723.99",91.85
Adj Close,2018-01-03,"24,922.68",962.719971,1318.5,"2,713.06",92.16
Adj Close,2018-01-02,"24,824.01",884.44397,1316.1,"2,695.81",91.87
Adj Close,2017-12-29,"24,719.22",753.59198,1309.3,"2,673.61",92.12
Adj Close,2017-12-28,"24,837.51",737.02301,1297.2,"2,687.54",92.6
Adj Close,2017-12-27,"24,774.30",762.84198,1291.4,"2,682.62",93.03
Adj Close,2017-12-26,"24,746.21",773.835999,1287.5,"2,680.50",93.26
Adj Close,2017-12-22,"24,754.06",674.859985,1278.8,"2,683.34",93.35
Adj Close,2017-12-21,"24,782.29",821.062988,1270.6,"2,684.57",93.28
Adj Close,2017-12-20,"24,726.65",819.085999,1269.6,"2,679.25",93.31
Adj Close,2017-12-19,"24,754.75",826.822998,1264.2,"2,681.47",93.44
Adj Close,2017-12-18,"24,792.20",794.64502,1265.5,"2,690.16",93.69
Adj Close,2017-12-15,"24,651.74",684.447998,1257.5,"2,675.81",93.93
Adj Close,2017-12-14,"24,508.66",695.815979,1257.1,"2,652.01",93.49
Adj Close,2017-12-13,"24,585.43",702.767029,1248.6,"2,662.85",93.43
Adj Close,2017-12-12,"24,504.80",651.43103,1241.7,"2,664.11",94.1
Adj Close,2017-12-11,"24,386.03",515.135986,1246.9,"2,659.99",93.87
Adj Close,2017-12-08,"24,329.16",456.031006,1248.4,"2,651.50",93.9
Adj Close,2017-12-07,"24,211.48",434.40799,1253.1,"2,636.98",93.8
Adj Close,2017-12-06,"24,140.91",428.588013,1266.1,"2,629.27",93.61
Adj Close,2017-12-05,"24,180.64",463.281006,1264.9,"2,629.57",93.38
Adj Close,2017-12-04,"24,290.05",470.20401,1277.7,"2,639.44",93.19
Adj Close,2017-12-01,"24,231.59",466.540009,1282.3,"2,642.22",92.89
Adj Close,2017-11-30,"24,272.35",447.114014,1276.7,"2,647.58",93.05
Adj Close,2017-11-29,"23,940.68",427.52301,1286.2,"2,626.07",93.16
Adj Close,2017-11-28,"23,836.71",472.902008,1299.2,"2,627.04",93.27
Adj Close,2017-11-27,"23,580.78",480.355011,1298.9,"2,601.42",92.9
Adj Close,2017-11-24,"23,557.99",474.911011,1291.8,"2,602.42",92.78
Adj Close,2017-11-22,"23,526.18",380.652008,1296.8,"2,597.08",93.22
Adj Close,2017-11-21,"23,590.83",360.401001,1281.7,"2,599.03",93.95
Adj Close,2017-11-20,"23,430.33",366.730011,1275.3,"2,582.14",94.08
Adj Close,2017-11-17,"23,358.24",332.394012,1296.5,"2,578.85",93.66
Adj Close,2017-11-16,"23,458.36",330.924011,1278.2,"2,585.64",93.93
Adj Close,2017-11-15,"23,271.28",333.356995,1277.7,"2,564.62",93.81
Adj Close,2017-11-14,"23,409.47",337.631012,1282.9,"2,578.87",93.83
Adj Close,2017-11-13,"23,439.70",316.716003,1278.9,"2,584.84",94.49
Adj Close,2017-11-10,"23,422.21",299.252991,1274.2,"2,582.30",94.39
Adj Close,2017-11-09,"23,461.94",320.884003,1287.5,"2,584.62",94.44
